timestamp,temp_indoor,temp_outdoor,setpoint,boiler,pressure
1770575407,20.9,3.8,22,True,1011.3
1770575707,20.9,3.7,22,True,1011.4
1770576012,20.9,3.7,22,True,1011.4
1770576306,20.9,3.7,22,True,1011.4
1770576610,21.8,3.6,22,True,1011.4
1770576907,21.8,3.6,22,True,1011.4
1770577216,21.9,3.6,22,True,1011.4
1770577506,21.9,3.5,22,True,1011.4
1770577810,21.9,3.5,22,True,1011.4
1770578107,21.9,3.4,22,True,1011.4
1770578408,21.9,3.4,22,True,1011.5
1770578707,21.9,3.4,22,True,1011.5
1770579008,21.9,3.3,22,True,1011.6
1770579306,21.9,3.3,22,True,1011.6
1770579609,21.9,3.3,22,True,1011.6
1770579906,21.9,3.2,22,True,1011.6
1770580210,22,3.2,22,True,1011.6
1770580506,22,3.1,22,True,1011.6
1770580815,22,3.1,22,True,1011.6
1770581106,22,3,22,True,1011.6
1770581409,22,3,22,True,1011.7
1770581707,22,3,22,True,1011.7
1770582306,22.1,2.9,22,True,1011.8
1770582608,22.1,2.9,22,True,1011.8
1770582907,22.1,2.9,22,True,1011.8
1770583209,22.1,2.8,22,True,1011.8
1770583809,22.1,2.7,22,True,1011.7
1770584106,22.1,2.7,22,True,1011.8
1770584707,22.1,2.6,21,False,1011.9
1770585010,22.1,2.6,21,False,1011.9
1770585307,22.1,2.5,21,False,1011.8
1770585608,22.1,2.4,21,False,1011.9
1770585906,22.1,2.4,21,False,1011.9
1770586209,22.1,2.4,21,False,1011.9
1770586506,22.1,2.3,21,False,1011.9
1770586809,22.1,2.2,21,False,1011.9
1770587106,22.1,2.2,21,False,1011.9
1770587707,22.1,2.1,21,False,1011.9
1770588014,22.1,2.1,21,False,1011.8
1770588307,22.1,2.1,21,False,1011.9
1770588607,22.1,2,21,False,1011.9
1770588906,22.1,2,21,False,1011.9
1770589221,22.1,1.9,21,False,1011.9
1770589506,22,1.9,21,False,1011.9
1770589808,22,1.9,21,False,1011.9
1770590107,22,1.8,21,False,1011.9
1770590707,22,1.8,21,False,1011.9
1770591009,22,1.8,21,False,1012
1770591307,22,1.8,21,False,1011.9
1770591623,22,1.8,21,False,1011.9
1770591906,22,1.7,21,False,1011.9
1770592210,22,1.7,21,False,1011.9
1770592506,22,1.7,21,False,1011.9
1770593107,21.9,1.7,21,False,1012
1770593706,21.9,1.6,21,False,1011.9
1770594010,21.9,1.6,21,False,1011.9
1770594306,21.9,1.6,21,False,1011.9
1770594609,21.9,1.6,21,False,1011.8
1770594906,21.9,1.6,21,False,1011.8
1770595215,21.9,1.6,21,False,1011.9
1770595506,21.9,1.6,21,False,1011.9
1770595809,21.8,1.6,21,False,1012
1770596106,21.8,1.5,21,False,1011.9
1770596409,21.8,1.6,21,False,1011.9
1770596707,21.8,1.5,21,False,1011.9
1770597009,21.8,1.5,21,False,1011.9
1770597306,21.8,1.5,21,False,1011.9
1770597608,21.8,1.5,21,False,1011.9
1770597906,21.8,1.5,22,True,1011.9
1770598209,21.8,1.5,22,True,1011.9
1770598506,21.8,1.5,22,True,1011.9
1770598817,21.7,1.5,22,True,1011.9
1770599106,21.7,1.5,22,True,1011.9
1770599410,21.7,1.5,22,True,1011.9
1770599706,21.7,1.5,22,True,1011.9
1770600008,21.7,1.5,22,True,1011.8
1770600307,21.7,1.5,22,True,1011.8
1770600609,21.7,1.5,22,True,1011.7
1770600907,21.7,1.5,22,True,1011.8
1770601207,21.7,1.5,22,True,1011.7
1770601507,21.7,1.5,22,True,1011.7
1770601808,21.7,1.5,22,True,1011.6
1770602106,21.7,1.5,22,True,1011.6
1770602413,21.7,1.5,22,True,1011.6
1770602706,21.7,1.5,22,True,1011.6
1770603009,21.7,1.4,22,True,1011.6
1770603307,21.7,1.4,22,True,1011.6
1770603611,21.7,1.4,22,True,1011.6
1770603907,21.7,1.4,22,True,1011.5
1770604209,21.7,1.4,22,True,1011.4
1770604506,21.7,1.4,22,True,1011.4
1770604809,21.7,1.4,22,True,1011.4
1770605107,21.7,1.4,22,True,1011.4
1770605408,21.7,1.4,22,True,1011.4
1770605706,21.7,1.4,22,True,1011.3
1770606014,21.7,1.4,22,True,1011.3
1770606307,21.7,1.4,22,True,1011.3
1770606610,21.7,1.4,22,True,1011.4
1770606906,21.7,1.4,22,True,1011.3
1770607208,21.7,1.4,22,True,1011.4
1770607506,21.7,1.4,22,True,1011.4
1770607808,21.7,1.4,22,True,1011.4
1770608107,21.7,1.4,22,True,1011.4
1770608410,21.7,1.4,22,True,1011.4
1770608707,21.8,1.3,22,True,1011.4
1770609008,21.8,1.3,22,True,1011.4
1770609307,21.8,1.3,22,True,1011.4
1770609615,21.8,1.3,22,True,1011.4
1770609906,21.8,1.3,22,True,1011.4
1770610209,21.8,1.3,22,True,1011.4
1770610507,21.8,1.2,22,True,1011.4
1770611108,21.8,1.2,22,True,1011.3
1770611408,21.8,1.2,22,True,1011.3
1770611707,21.8,1.2,22,True,1011.3
1770612012,21.8,1.2,22,True,1011.4
1770612611,21.8,1.2,22,True,1011.4
1770612906,21.8,1.3,22,True,1011.5
1770613212,21.8,1.3,22,True,1011.4
1770613507,21.8,1.3,22,True,1011.4
1770613808,21.8,1.3,22,True,1011.4
1770614108,21.8,1.3,22,True,1011.5
1770614407,21.9,1.3,22,True,1011.5
1770614710,21.9,1.4,22,True,1011.5
1770615007,21.9,1.4,22,True,1011.5
1770615307,21.9,1.4,22,True,1011.5
1770615608,21.9,1.4,22,True,1011.5
1770615906,21.9,1.4,22,True,1011.5
1770616208,21.9,1.4,22,True,1011.6
1770616507,21.9,1.3,22,True,1011.6
1770616814,21.9,1.4,22,True,1011.7
1770617106,21.9,1.3,22,True,1011.7
1770617409,21.9,1.3,22,True,1011.7
1770617706,21.9,1.4,22,True,1011.7
1770618009,21.9,1.4,22,True,1011.8
1770618306,21.9,1.3,22,True,1011.8
1770618609,21.9,1.4,22,True,1011.9
1770618906,21.9,1.4,22,True,1011.8
1770619210,22,1.4,22,True,1011.8
1770619507,22,1.4,22,True,1011.8
1770619810,22,1.4,22,True,1011.8
1770620109,22,1.4,22,True,1011.8
1770620417,22,1.4,22,True,1011.8
1770620707,22,1.5,22,True,1011.7
1770621008,22,1.5,22,True,1011.7
1770621307,22,1.6,22,True,1011.7
1770621609,22,1.6,22,True,1011.7
1770621906,22.1,1.6,22,True,1011.7
1770622209,22.1,1.7,22,True,1011.8
1770622506,22.1,1.8,22,True,1011.8
1770622808,22.1,1.8,22,True,1011.8
1770623106,22.2,1.9,22,False,1011.8
1770623409,22.2,2,22,False,1011.9
1770623706,22.3,2.1,22,False,1011.9
1770624015,22.3,2.2,22,False,1011.9
1770624610,22.4,2.4,22,False,1011.9
1770624906,22.4,2.6,22,False,1011.9
1770625207,22.4,2.8,22,False,1011.9
1770625507,22.4,2.9,22,False,1011.9
1770625808,22.4,3,22,False,1011.9
1770626106,22.4,3.1,22,False,1011.9
1770626408,22.4,3.2,22,False,1011.9
1770626706,22.4,3.3,22,False,1011.9
1770627008,22.4,3.4,22,False,1011.8
1770627307,22.4,3.5,22,False,1011.8
1770627616,22.4,3.6,22,False,1011.8
1770627906,22.4,3.6,22,False,1011.8
1770628208,22.4,3.6,22,False,1011.8
1770628507,22.4,3.7,22,False,1011.8
1770628809,22.4,3.7,22,False,1011.8
1770629107,22.4,3.8,22,False,1011.7
1770629408,22.3,3.8,22,False,1011.7
1770629707,22.3,3.8,22,False,1011.7
1770630008,22.3,3.9,22,False,1011.6
1770630307,22.3,4,22,False,1011.7
1770630907,22.3,4.1,22,False,1011.6
1770631215,22.3,4.1,22,False,1011.6
1770631507,22.3,4.1,22,False,1011.6
1770631808,22.3,4.2,22,False,1011.6
1770632107,22.3,4.3,22,False,1011.6
1770632408,22.3,4.4,22,False,1011.7
1770632711,22.3,4.4,22,False,1011.7
1770632848,22.3,4.5,22,False,1011.7
1770633008,22.3,4.6,22,False,1011.7
1770633306,22.3,4.7,22,False,1011.7
1770633607,22.3,4.7,22,False,1011.7
1770633908,22.3,4.8,22,False,1011.7
1770634208,22.3,4.8,22,False,1011.7
1770634507,22.3,4.8,22,False,1011.6
1770634814,22.3,4.9,22,False,1011.6
1770635106,22.2,4.8,22,False,1011.6
1770635408,22.2,4.8,22,False,1011.6
1770635706,22.2,4.8,22,False,1011.5
1770636009,22.2,4.8,22,False,1011.5
1770636306,22.1,4.8,22,False,1011.5
1770636608,22.1,4.7,22,False,1011.4
1770636906,22.1,4.7,22,False,1011.4
1770637208,22.1,4.6,22,False,1011.4
1770637506,22.1,4.6,22,False,1011.4
1770637808,22.1,4.6,22,False,1011.4
1770638107,22,4.6,22,False,1011.3
1770638414,22,4.6,22,False,1011.3
1770638707,22,4.6,22,False,1011.3
1770639009,22,4.6,22,False,1011.3
1770639312,22,4.6,22,False,1011.2
1770639608,22,4.6,22,False,1011.2
1770639907,21.9,4.6,22,False,1011.1
1770640206,21.9,4.5,22,False,1011.1
1770640507,21.9,4.5,22,False,1011
1770640808,21.9,4.5,22,False,1010.9
1770641107,21.9,4.4,22,False,1010.9
1770641408,21.9,4.5,22,False,1010.8
1770641708,21.9,4.4,22,False,1010.8
1770642013,21.8,4.5,22,True,1010.8
1770642307,21.8,4.5,22,True,1010.8
1770642608,21.8,4.5,22,True,1010.7
1770642906,21.8,4.5,22,True,1010.5
1770643211,21.8,4.5,22,True,1010.7
1770643506,21.8,4.6,22,True,1010.5
1770643809,21.8,4.6,22,True,1010.5
1770644106,21.8,4.6,22,True,1010.5
1770644408,21.8,4.6,22,True,1010.5
1770644706,21.7,4.6,22,True,1010.5
1770645007,21.8,4.6,22,True,1010.4
1770645308,21.7,4.6,22,True,1010.5
1770645614,21.7,4.7,22,True,1010.4
1770645907,21.7,4.7,22,True,1010.4
1770646206,21.7,4.7,22,True,1010.4
1770646507,21.7,4.7,22,True,1010.4
1770646807,21.7,4.7,22,True,1010.5
1770647107,21.7,4.7,22,True,1010.4
1770647409,21.7,4.7,22,True,1010.4
1770647707,21.7,4.7,22,True,1010.4
1770648009,21.7,4.7,22,True,1010.4
1770648306,21.7,4.6,22,True,1010.4
1770648609,21.7,4.6,22,True,1010.4
1770648906,21.7,4.6,22,True,1010.4
1770649214,21.7,4.5,22,True,1010.4
1770649506,21.7,4.5,22,True,1010.5
1770649809,21.7,4.4,22,True,1010.5
1770650106,21.7,4.4,22,True,1010.5
1770650708,21.7,4.3,22,True,1010.4
1770651007,21.7,4.2,22,True,1010.5
1770651307,21.7,4.2,22,True,1010.5
1770651608,21.8,4.1,22,True,1010.5
1770651906,21.8,4.1,22,True,1010.5
1770652209,21.7,4,22,True,1010.4
1770652820,21.8,3.9,22,True,1010.4
1770654608,21.8,3.7,22,True,1010.4
1770654906,21.8,3.7,22,True,1010.4
1770655210,21.8,3.6,22,True,1010.3
1770655506,21.8,3.6,22,True,1010.3
1770655807,21.8,3.6,22,True,1010.3
1770656107,21.8,3.6,22,True,1010.2
1770656412,21.8,3.6,22,True,1010.2
1770656707,21.8,3.6,22,True,1010.1
1770657007,21.8,3.5,22,True,1010.1
1770657307,21.9,3.5,22,True,1010.1
1770657909,21.9,3.4,22,True,1010
1770658210,22,3.3,22,True,1009.9
1770658506,22,3.3,22,True,1009.9
1770658809,22,3.3,22,True,1010
1770659108,22,3.3,22,True,1009.9
1770659406,22.1,3.3,22,True,1009.9
1770659707,22.1,3.2,22,True,1010
1770660019,22.1,3.2,22,True,1010
1770660309,22.2,3.2,22,False,1010
1770660609,22.2,3.2,22,False,1010
1770660907,22.2,3.2,22,False,1009.9
1770661209,22.2,3.1,22,False,1009.9
1770661509,22.2,3.1,22,False,1009.9
1770661810,22.2,3.1,22,False,1009.9
1770662108,22.2,3.1,22,False,1009.9
1770662409,22.3,3.1,22,False,1009.9
1770662707,22.3,3.1,22,False,1010
1770663008,22.3,3.1,22,False,1010
1770663306,22.3,3.1,22,False,1010
1770663616,22.3,3.1,22,False,1009.9
1770663906,22.3,3.1,22,False,1009.9
1770664207,22.3,3.1,22,False,1009.9
1770664508,22.3,3.1,22,False,1009.8
1770664807,22.3,3.1,22,False,1009.9
1770665108,22.3,3.1,22,False,1009.9
1770665707,22.3,3.1,22,False,1009.7
1770666008,22.3,3.1,22,False,1009.7
1770666306,22.3,3.1,22,False,1009.7
1770666611,22.2,3,22,False,1009.6
1770666906,22.2,3,22,False,1009.6
1770667214,22.2,3,22,False,1009.6
1770667507,22.2,3,22,False,1009.6
1770667809,22.2,3,22,False,1009.5
1770668106,22.2,3,22,False,1009.5
1770668409,22.2,3,22,False,1009.5
1770668706,22.2,3,22,False,1009.4
1770669009,22.2,3,22,False,1009.5
1770669307,22.2,3,22,False,1009.5
1770669608,22.2,2.9,22,False,1009.5
1770670209,22.2,2.9,22,False,1009.3
1770670507,22.2,2.9,22,False,1009.3
1770670811,22.2,2.9,22,False,1009.3
1770671107,22.2,2.9,21,False,1009.2
1770671408,22.2,2.9,21,False,1009.2
1770671706,22.2,2.9,21,False,1009.1
1770672008,22.1,2.9,21,False,1009.1
1770672307,22.1,2.9,21,False,1009.1
1770672608,22.1,2.8,21,False,1009
1770672907,22.1,2.8,21,False,1009
1770673507,22,2.8,21,False,1009
1770673808,22,2.8,21,False,1008.9
1770674106,22,2.8,21,False,1008.8
1770674415,22,2.7,21,False,1008.8
1770674706,22,2.8,21,False,1008.8
1770675013,22,2.7,21,False,1008.7
1770675308,22,2.7,21,False,1008.7
1770675608,21.9,2.7,21,False,1008.7
1770675906,21.9,2.7,21,False,1008.7
1770676207,21.9,2.7,21,False,1008.6
1770676506,21.9,2.6,21,False,1008.6
1770676807,21.9,2.6,21,False,1008.6
1770677107,21.9,2.6,21,False,1008.6
1770677407,21.9,2.6,21,False,1008.6
1770677706,21.9,2.6,21,False,1008.5
1770678020,21.9,2.6,21,False,1008.5
1770678307,21.9,2.6,21,False,1008.5
1770678607,21.9,2.6,21,False,1008.4
1770678906,21.9,2.5,21,False,1008.4
1770679209,21.8,2.6,21,False,1008.4
1770679508,21.8,2.5,21,False,1008.4
1770679810,21.8,2.5,21,False,1008.4
1770680106,21.8,2.5,21,False,1008.3
1770680408,21.8,2.5,21,False,1008.3
1770680707,21.8,2.5,21,False,1008.3
1770681009,21.8,2.5,21,False,1008.3
1770681306,21.8,2.5,21,False,1008.2
1770681615,21.7,2.4,21,False,1008.2
1770681906,21.7,2.4,21,False,1008.2
1770682209,21.7,2.4,21,False,1008.1
1770682506,21.7,2.4,21,False,1008
1770682809,21.7,2.4,21,False,1008
1770683107,21.7,2.4,22,True,1007.9
1770683407,21.7,2.4,22,True,1007.9
1770683707,21.7,2.3,22,True,1007.9
1770684010,21.6,2.3,22,True,1007.9
1770684307,21.6,2.3,22,True,1007.8
1770684608,21.6,2.3,22,True,1007.8
1770684906,21.6,2.3,22,True,1007.7
1770685215,21.6,2.3,22,True,1007.7
1770685507,21.6,2.3,22,True,1007.6
1770685809,21.6,2.3,22,True,1007.5
1770686106,21.6,2.3,22,True,1007.5
1770686408,21.6,2.3,22,True,1007.4
1770687008,21.6,2.2,22,True,1007.3
1770687307,21.6,2.3,22,True,1007.2
1770687608,21.6,2.2,22,True,1007.1
1770687906,21.6,2.2,22,True,1007
1770688210,21.6,2.3,22,True,1006.9
1770688507,21.6,2.3,22,True,1006.9
1770688811,21.6,2.3,22,True,1006.9
1770689107,21.6,2.3,22,True,1006.7
1770689410,21.6,2.3,22,True,1006.7
1770689707,21.6,2.3,22,True,1006.6
1770690008,21.6,2.3,22,True,1006.5
1770690307,21.6,2.3,22,True,1006.5
1770690606,21.6,2.3,22,True,1006.5
1770690906,21.6,2.3,22,True,1006.5
1770691208,21.6,2.3,22,True,1006.4
1770691506,21.6,2.3,22,True,1006.4
1770691809,21.6,2.3,22,True,1006.3
1770692106,21.6,2.3,22,True,1006.3
1770692417,21.6,2.4,22,True,1006.3
1770692706,21.6,2.4,22,True,1006.3
1770693010,21.6,2.4,22,True,1006.2
1770693306,21.6,2.4,22,True,1006.2
1770693608,21.6,2.4,22,True,1006.1
1770693907,21.6,2.4,22,True,1006.1
1770694210,21.6,2.4,22,True,1006
1770694506,21.6,2.4,22,True,1006
1770694809,21.6,2.5,22,True,1005.9
1770695107,21.6,2.4,22,True,1005.9
1770695408,21.6,2.4,22,True,1005.9
1770695707,21.6,2.4,22,True,1005.8
1770696015,21.6,2.5,22,True,1005.8
1770696306,21.7,2.4,22,True,1005.8
1770696610,21.7,2.4,22,True,1005.8
1770696906,21.7,2.5,22,True,1005.7
1770697506,21.7,2.4,22,True,1005.7
1770697810,21.7,2.4,22,True,1005.7
1770698107,21.7,2.4,22,True,1005.6
1770698411,21.7,2.4,22,True,1005.6
1770698707,21.7,2.5,22,True,1005.6
1770699009,21.7,2.5,22,True,1005.6
1770699308,21.7,2.4,22,True,1005.5
1770699613,21.7,2.4,22,True,1005.5
1770699907,21.7,2.4,22,True,1005.5
1770700212,21.7,2.5,22,True,1005.4
1770700506,21.7,2.5,22,True,1005.3
1770700807,21.7,2.5,22,True,1005.3
1770701110,21.7,2.5,22,True,1005.3
1770701707,21.8,2.5,22,True,1005.3
1770702009,21.8,2.5,22,True,1005.2
1770702308,21.8,2.5,22,True,1005.2
1770702607,21.8,2.5,22,True,1005.2
1770702911,21.8,2.5,22,True,1005.2
1770703507,21.8,2.5,22,True,1005.1
1770703809,21.8,2.5,22,True,1005.1
1770704108,21.8,2.5,22,True,1005.1
1770704408,21.8,2.5,22,True,1005.1
1770705009,21.8,2.5,22,True,1005.1
1770705610,21.8,2.5,22,True,1005
1770706208,21.8,2.6,22,True,1005
1770706507,21.9,2.6,22,True,1005
1770706812,21.9,2.6,22,True,1005.1
1770707107,21.9,2.6,22,True,1005
1770707408,21.9,2.6,22,True,1005.1
1770707708,21.9,2.6,22,True,1005
1770708008,21.9,2.6,22,True,1005
1770708609,21.9,2.6,22,True,1005
1770708908,21.9,2.6,22,True,1005
1770709208,21.9,2.6,22,True,1005
1770709506,21.9,2.6,22,True,1004.9
1770709810,21.9,2.7,22,True,1004.9
1770710106,22,2.7,22,True,1005
1770710414,22,2.7,22,True,1004.9
1770710709,22.1,2.8,22,True,1004.9
1770711008,22.1,2.8,22,True,1004.9
1770711307,22.1,2.8,22,True,1004.9
1770711907,22.2,2.9,22,False,1004.9
1770712209,22.2,2.9,22,False,1004.9
1770712507,22.2,2.9,22,False,1004.9
1770712812,22.2,3,22,False,1004.9
1770713107,22.3,3,22,False,1004.8
1770713409,22.3,3,22,False,1004.8
1770713708,22.3,3.1,22,False,1004.7
1770714014,22.3,3.1,22,False,1004.7
1770714307,22.3,3.1,22,False,1004.6
1770714906,22.3,3.2,22,False,1004.6
1770715209,22.3,3.2,22,False,1004.6
1770715507,22.3,3.3,22,False,1004.6
1770715820,22.3,3.5,22,False,1004.6
1770716106,22.3,3.5,22,False,1004.5
1770716407,22.3,3.6,22,False,1004.4
1770716709,22.4,3.8,22,False,1004.4
1770717307,22.3,4,22,False,1004.4
1770717612,22.3,4.1,22,False,1004.3
1770717906,22.3,4.2,22,False,1004.3
1770718208,22.3,4.3,22,False,1004.2
1770718508,22.3,4.4,22,False,1004.1
1770718808,22.2,4.6,22,False,1004
1770719107,22.2,4.7,22,False,1003.9
1770719407,22.2,4.8,22,False,1003.9
1770719706,22.2,4.9,22,False,1003.9
1770720007,22.2,5,22,False,1003.9
1770720313,22.2,5.1,22,False,1003.8
1770720607,22.2,5.1,22,False,1003.8
1770720906,22.2,5.2,22,False,1003.7
1770721216,22.2,5.3,22,False,1003.6
1770721506,22.2,5.4,22,False,1003.5
1770721809,22.2,5.5,22,False,1003.5
1770722108,22.2,5.6,22,False,1003.4
1770722412,22.3,5.7,22,False,1003.3
1770722707,22.3,5.8,22,False,1003.3
1770723009,22.4,5.9,22,False,1003.3
1770723306,22.4,5.9,22,False,1003.2
1770723608,22.4,6,22,False,1003.2
1770723906,22.5,6,22,False,1003
1770724210,22.5,6.1,22,False,1003
1770724508,22.5,6.1,22,False,1002.9
1770724814,22.5,6.2,22,False,1002.9
1770725106,22.4,6.3,22,False,1002.8
1770725410,22.5,6.3,22,False,1002.7
1770725707,22.5,6.4,22,False,1002.6
1770726007,22.5,6.5,22,False,1002.6
1770726307,22.5,6.5,22,False,1002.6
1770726608,22.5,6.6,22,False,1002.5
1770726906,22.5,6.6,22,False,1002.4
1770727208,22.6,6.7,22,False,1002.4
1770727508,22.6,6.7,22,False,1002.3
1770727808,22.6,6.8,22,False,1002.2
1770728107,22.6,6.9,22,False,1002.1
1770728419,22.7,7,22,False,1002.1
1770728707,22.7,7,22,False,1002
1770729008,22.7,7,22,False,1001.9
1770729307,22.7,7.1,22,False,1001.9
1770729608,22.7,6.9,22,False,1001.8
1770729907,22.7,6.9,22,False,1001.8
1770730207,22.7,6.8,22,False,1001.6
1770730508,22.7,6.8,22,False,1001.6
1770730808,22.7,6.7,22,False,1001.5
1770731106,22.7,6.6,22,False,1001.5
1770731706,22.6,6.5,22,False,1001.4
1770732011,22.6,6.5,22,False,1001.5
1770732306,22.6,6.5,22,False,1001.5
1770732607,22.6,6.4,22,False,1001.4
1770732907,22.5,6.4,22,False,1001.3
1770733508,22.5,6.4,22,False,1001.1
1770733809,22.5,6.4,22,False,1001.1
1770734107,22.5,6.4,22,False,1001.1
1770734408,22.5,6.3,22,False,1001.1
1770735008,22.4,6.2,22,False,1000.9
1770735306,22.4,6.2,22,False,1000.8
1770735617,22.5,6.1,22,False,1000.6
1770735906,22.5,6.2,22,False,1000.6
1770736208,22.4,6.2,22,False,1000.5
1770736506,22.4,6.1,22,False,1000.5
1770737107,22.4,6,22,False,1000.5
1770737407,22.4,5.9,22,False,1000.6
1770737706,22.4,5.7,22,False,1000.5
1770738307,22.4,5.5,22,False,1000.5
1770738608,22.4,5.3,22,False,1000.6
1770738907,22.4,5.1,22,False,1000.6
1770739212,22.4,5,22,False,1000.7
1770739507,22.4,4.8,22,False,1000.7
1770739809,22.3,4.6,22,False,1000.6
1770740109,22.3,4.5,22,False,1000.6
1770740408,22.3,4.3,22,False,1000.6
1770740707,22.3,4.2,22,False,1000.6
1770741008,22.3,4.1,22,False,1000.6
1770741306,22.3,3.9,22,False,1000.6
1770741610,22.4,3.7,22,False,1000.5
1770741906,22.4,3.6,22,False,1000.5
1770742208,22.4,3.4,22,False,1000.5
1770743106,22.3,3.1,22,False,1000.4
1770743407,22.3,3,22,False,1000.4
1770743706,22.3,2.9,22,False,1000.3
1770744009,22.3,2.8,22,False,1000.2
1770744307,22.2,2.7,22,False,1000.3
1770744607,22.2,2.7,22,False,1000.2
1770744906,22.2,2.7,22,False,1000.2
1770745207,22.3,2.7,22,False,1000.1
1770745507,22.3,2.8,22,False,1000.1
1770745807,22.3,2.8,22,False,1000.1
1770746107,22.3,2.8,22,False,1000
1770747008,22.4,2.9,22,False,1000
1770747310,22.5,2.9,22,False,1000.1
1770747611,22.4,2.9,22,False,1000
1770747910,22.4,3,22,False,999.9
1770748210,22.4,3,22,False,999.8
1770748507,22.4,3,22,False,999.7
1770748809,22.4,3.1,22,False,999.7
1770749106,22.3,3.1,22,False,999.6
1770749407,22.3,3.1,22,False,999.5
1770749707,22.3,3.1,22,False,999.5
1770750014,22.2,3.1,22,False,999.5
1770750307,22.2,3.1,22,False,999.6
1770750609,22.2,3.1,22,False,999.5
1770750907,22.2,3.1,22,False,999.4
1770751207,22.2,3.1,22,False,999.4
1770751507,22.1,3.1,22,False,999.4
1770751807,22.1,3.1,22,False,999.2
1770752106,22.1,3.1,22,False,999.4
1770752407,22.1,3.1,22,False,999.2
1770752706,22,3.1,22,False,999.2
1770753007,22,3.1,22,False,999
1770753307,22,3.1,22,False,999
1770753616,22,3.1,22,False,999
1770753906,22,3.1,22,False,998.8
1770754208,22,3.1,22,False,998.9
1770754506,22,3.1,22,False,999
1770754808,21.9,3.1,22,False,998.9
1770755408,21.9,3.1,22,False,998.7
1770755706,21.9,3.1,22,False,998.7
1770756006,21.9,3.1,22,False,998.7
1770756308,21.8,3.1,22,True,998.5
1770756608,21.8,3.1,22,True,998.5
1770756906,21.8,3.1,22,True,998.6
1770757506,21.7,3.1,21,False,998.5
1770757810,21.7,3.1,21,False,998.3
1770758106,21.7,3.1,21,False,998.4
1770758409,21.7,3.1,21,False,998.4
1770759008,21.7,3.1,21,False,998.1
1770759306,21.7,3.1,21,False,998.1
1770759610,21.7,3.1,21,False,998.2
1770759907,21.6,3.2,21,False,998.2
1770760207,21.6,3.2,21,False,998.2
1770760506,21.6,3.2,21,False,998
1770760819,21.6,3.2,21,False,998
1770761106,21.6,3.2,21,False,997.9
1770761408,21.6,3.2,21,False,997.7
1770761706,21.6,3.2,21,False,997.6
1770762008,21.6,3.2,21,False,997.5
1770762309,21.5,3.2,21,False,997.6
1770762610,21.5,3.3,21,False,997.5
1770762906,21.5,3.2,21,False,997.4
1770763207,21.5,3.2,21,False,997.3
1770763808,21.5,3.2,21,False,997.2
1770764107,21.5,3.2,21,False,997.1
1770764706,21.5,3.2,21,False,997.1
1770765007,21.5,3.2,21,False,997
1770765312,21.5,3.2,21,False,996.9
1770765609,21.5,3.2,21,False,996.8
1770765906,21.5,3.2,21,False,996.6
1770766209,21.4,3.1,22,True,996.4
1770766506,21.4,3.2,22,True,996.5
1770766810,21.4,3.1,22,True,996.5
1770767106,21.4,3.1,22,True,996.3
1770767408,21.4,3.1,22,True,996.3
1770767707,21.4,3.1,22,True,996.2
1770768016,21.4,3.1,22,True,996.2
1770768306,21.4,3.1,22,True,996.1
1770768907,21.4,3.1,22,True,995.9
1770769207,21.3,3.1,22,True,995.7
1770769506,21.4,3.1,22,True,995.6
1770770107,21.4,3.1,22,True,995.7
1770770409,21.3,3.1,22,True,995.7
1770770706,21.3,3.1,22,True,995.4
1770771009,21.3,3.1,22,True,995.3
1770771306,21.3,3,22,True,995.2
1770771615,21.3,3.1,22,True,995.1
1770771907,21.3,3,22,True,995
1770772210,21.3,3,22,True,995.1
1770772507,21.4,3,22,True,995
1770773106,21.3,3,22,True,994.9
1770773409,21.3,3,22,True,994.7
1770773706,21.4,3,22,True,994.7
1770774008,21.4,3,22,True,994.7
1770774306,21.4,3,22,True,994.6
1770774608,21.4,3,22,True,994.4
1770774906,21.4,3,22,True,994.3
1770775212,21.4,3,22,True,994.3
1770775507,21.4,3,22,True,994.2
1770775809,21.4,3,22,True,994.2
1770776707,21.4,3,22,True,994
1770777007,21.4,3,22,True,993.9
1770777306,21.4,3,22,True,993.8
1770777609,21.4,3,22,True,993.8
1770777907,21.4,3,22,True,993.7
1770778209,21.4,3,22,True,993.7
1770778508,21.4,3,22,True,993.6
1770778815,21.4,3,22,True,993.4
1770779106,21.4,3,22,True,993.3
1770779407,21.4,2.9,22,True,993.1
1770779706,21.4,2.9,22,True,993.3
1770780008,21.4,2.9,22,True,993.5
1770780608,21.4,2.9,22,True,993.3
1770780907,21.5,2.9,22,True,993.4
1770781207,21.5,2.9,22,True,993.5
1770781506,21.5,2.9,22,True,993.4
1770781809,21.5,2.9,22,True,993.2
1770782415,21.5,2.9,22,True,993.4
1770782707,21.5,2.9,22,True,993.2
1770783010,21.5,2.9,22,True,993.3
1770783307,21.5,2.9,22,True,993.4
1770784210,21.5,2.9,22,True,993.1
1770784506,21.5,2.9,22,True,993.1
1770784812,21.5,2.8,22,True,992.9
1770785106,21.5,2.8,22,True,992.9
1770785408,21.5,2.9,22,True,992.9
1770785708,21.6,2.8,22,True,992.9
1770786012,21.6,2.9,22,True,992.9
1770786306,21.6,2.8,22,True,992.9
1770786607,21.6,2.9,22,True,992.8
1770786907,21.6,2.9,22,True,992.7
1770787208,21.6,2.9,22,True,992.5
1770787513,21.6,2.9,22,True,992.5
1770787809,21.6,2.9,22,True,992.4
1770788106,21.6,2.9,22,True,992.3
1770788409,21.6,2.9,22,True,992.3
1770788706,21.6,2.9,22,True,992.3
1770789307,21.6,2.8,22,True,992.3
1770789614,21.6,2.8,22,True,992.4
1770789909,21.7,2.8,22,True,992.3
1770790209,21.7,2.8,22,True,992.3
1770790507,21.7,2.8,22,True,992.2
1770790808,21.7,2.8,22,True,992.3
1770791107,21.7,2.8,22,True,992.3
1770791410,21.7,2.8,22,True,992.3
1770791708,21.7,2.8,22,True,992.2
1770792008,21.7,2.8,22,True,992.2
1770792307,21.7,2.8,22,True,992.1
1770792608,21.7,2.8,22,True,992.1
1770792909,21.8,2.9,22,True,992
1770793221,21.8,2.9,22,True,992
1770793507,21.9,2.9,22,True,991.9
1770794106,22,3,22,True,991.8
1770794707,21.8,3.1,22,True,992
1770795008,21.9,3.1,22,True,991.8
1770795308,22,3.1,22,True,991.5
1770795610,22,3.1,22,True,991.5
1770795907,22.1,3.1,22,True,991.8
1770796206,22.1,3.1,22,True,991.8
1770796507,22.1,3.1,22,True,991.6
1770796813,22.2,3.2,22,False,991.6
1770797106,22.2,3.2,22,False,991.5
1770797408,22.2,3.3,22,False,991.5
1770797707,22.2,3.3,22,False,991.8
1770798306,22.2,3.5,22,False,991.6
1770798609,22.2,3.6,22,False,991.6
1770798906,22.2,3.6,22,False,991.6
1770799208,22.2,3.7,22,False,991.8
1770799507,22.2,3.8,22,False,991.6
1770799808,22.3,3.9,22,False,991.6
1770800107,22.3,4,22,False,991.5
1770800412,22.3,4.2,22,False,991.6
1770800706,22.3,4.3,22,False,991.5
1770801008,22.3,4.4,22,False,991.5
1770801306,22.3,4.6,22,False,991.4
1770801608,22.3,4.7,22,False,991.4
1770801907,22.3,4.7,22,False,991.3
1770802209,22.3,4.8,22,False,991.3
1770802507,22.3,4.9,22,False,991.2
1770802807,22.3,5,22,False,991.1
1770803107,22.3,5,22,False,991.1
1770803708,22.3,5.2,22,False,991
1770804013,22.3,5.3,22,False,990.9
1770804306,22.3,5.4,22,False,990.9
1770804608,22.3,5.5,22,False,990.9
1770804908,22.3,5.6,22,False,990.9
1770805207,22.3,5.6,22,False,990.9
1770805507,22.3,5.7,22,False,990.8
1770805807,22.3,5.7,22,False,990.8
1770806107,22.2,5.8,22,False,990.7
1770806407,22.2,5.9,22,False,990.6
1770806713,22.2,6,22,False,990.5
1770807007,22.2,6,22,False,990.4
1770807308,22.2,6.1,22,False,990.3
1770807615,22.1,6.1,22,False,990.3
1770807906,22.1,6.2,22,False,990.2
1770808208,22.1,6.2,22,False,990.2
1770808507,22.1,6.3,22,False,990.1
1770808809,22.1,6.3,22,False,990.1
1770809106,22.1,6.4,22,False,990
1770809407,22.1,6.5,22,False,990
1770809706,22.1,6.5,22,False,989.9
1770810007,22.1,6.6,22,False,989.9
1770810307,22.1,6.6,22,False,989.9
1770810608,22.1,6.6,22,False,989.8
1770810908,22.1,6.6,22,False,989.8
1770811213,22.2,6.6,22,False,989.7
1770811506,22.2,6.7,22,False,989.7
1770811809,22.2,6.7,22,False,989.6
1770812107,22.1,6.7,22,False,989.6
1770812409,22.1,6.7,22,False,989.6
1770812707,22.2,6.8,22,False,989.5
1770813009,22.2,6.8,22,False,989.5
1770813306,22.2,6.9,22,False,989.4
1770813607,22.1,6.9,22,False,989.3
1770813906,22.1,6.9,22,False,989.3
1770814207,22.1,6.8,22,False,989.2
1770814507,22.1,6.8,22,False,989.2
1770814814,22.1,6.7,22,False,989
1770815106,22.1,6.7,22,False,989
1770815407,22,6.6,22,False,988.9
1770815708,22,6.6,22,False,988.9
1770816307,22,6.5,22,False,988.8
1770816607,22,6.4,22,False,988.7
1770816907,22,6.4,22,False,988.6
1770817209,22,6.4,22,False,988.7
1770817507,22,6.3,22,False,988.7
1770817808,21.9,6.2,22,False,988.7
1770818107,21.9,6.2,22,False,988.6
1770818707,21.9,6,22,False,988.6
1770819607,21.9,5.8,22,False,988.4
1770819906,21.9,5.7,22,False,988.4
1770820207,21.9,5.6,22,False,988.4
1770820506,21.8,5.6,22,True,988.4
1770820807,21.8,5.5,22,True,988.3
1770821108,21.8,5.4,22,True,988.4
1770821407,21.8,5.4,22,True,988.3
1770821707,21.8,5.4,22,True,988.3
1770822013,21.8,5.4,22,True,988.3
1770822306,21.8,5.4,22,True,988.2
1770822608,21.8,5.4,22,True,988.2
1770822907,21.8,5.4,22,True,988.2
1770823208,21.8,5.4,22,True,988.2
1770823508,21.8,5.5,22,True,988.2
1770823808,21.8,5.5,22,True,988.1
1770824107,21.9,5.5,22,True,988.1
1770824408,21.9,5.6,22,True,988.1
1770824707,21.9,5.6,22,True,987.9
1770825009,21.9,5.6,22,True,987.9
1770825306,21.9,5.6,22,True,987.9
1770825613,21.9,5.6,22,True,987.8
1770825907,21.9,5.6,22,True,987.8
1770826207,21.9,5.6,22,True,987.8
1770826506,21.9,5.6,22,True,987.8
1770827107,22,5.7,22,True,987.8
1770827408,22,5.7,22,True,987.9
1770828010,22,5.7,22,True,987.8
1770828306,22,5.7,22,True,987.9
1770828607,22,5.7,22,True,987.9
1770828907,22,5.7,22,True,987.8
1770829213,22,5.7,22,True,987.7
1770829506,22.1,5.7,22,True,987.7
1770829808,22.1,5.7,22,True,987.7
1770830107,22.2,5.7,22,False,987.7
1770830407,22.2,5.7,22,False,987.7
1770830707,22.2,5.7,22,False,987.8
1770831007,22.3,5.7,22,False,987.7
1770831307,22.3,5.8,22,False,987.7
1770831607,22.4,5.8,22,False,987.7
1770831907,22.4,5.8,22,False,987.8
1770832210,22.4,5.8,22,False,987.8
1770832507,22.4,5.9,22,False,987.8
1770832814,22.4,5.9,22,False,987.8
1770833108,22.4,5.9,22,False,987.8
1770833407,22.4,5.9,22,False,987.8
1770833708,22.4,5.9,22,False,987.8
1770834008,22.5,6,22,False,987.8
1770834307,22.5,6,22,False,987.8
1770834608,22.5,6,22,False,987.8
1770834908,22.5,6.1,22,False,987.8
1770835209,22.5,6.2,22,False,987.8
1770835507,22.4,6.2,22,False,987.7
1770835808,22.4,6.4,22,False,987.7
1770836107,22.4,6.5,22,False,987.6
1770836417,22.4,6.6,22,False,987.6
1770836706,22.4,6.6,22,False,987.7
1770837008,22.4,6.7,22,False,987.6
1770837308,22.4,6.8,22,False,987.6
1770837608,22.4,6.9,22,False,987.7
1770837908,22.3,6.9,22,False,987.6
1770838208,22.3,7,22,False,987.5
1770838506,22.3,7,22,False,987.6
1770838808,22.3,7,22,False,987.5
1770839107,22.3,7.1,22,False,987.6
1770839407,22.3,7.1,22,False,987.6
1770839709,22.2,7.2,22,False,987.5
1770840018,22.2,7.2,22,False,987.6
1770840307,22.2,7.3,22,False,987.5
1770840609,22.2,7.3,22,False,987.5
1770840908,22.2,7.4,22,False,987.5
1770841209,22.2,7.4,22,False,987.5
1770841508,22.2,7.4,22,False,987.5
1770841808,22.2,7.4,22,False,987.6
1770842106,22.2,7.4,22,False,987.6
1770842409,22.2,7.5,22,False,987.5
1770842707,22.1,7.5,22,False,987.5
1770843007,22.1,7.5,22,False,987.5
1770843307,22.1,7.5,22,False,987.5
1770843618,22.1,7.5,22,False,987.4
1770843906,22.1,7.5,21,False,987.4
1770844209,22.1,7.5,21,False,987.4
1770844506,22.1,7.5,21,False,987.4
1770844807,22,7.6,21,False,987.3
1770845107,22,7.6,21,False,987.4
1770845408,22,7.6,21,False,987.3
1770845706,21.9,7.6,21,False,987.3
1770846007,21.9,7.6,21,False,987.3
1770846308,21.9,7.6,21,False,987.2
1770846607,21.9,7.6,21,False,987.2
1770846908,21.9,7.6,21,False,987.2
1770847213,21.8,7.6,21,False,987.1
1770847811,21.8,7.6,21,False,987.1
1770848106,21.8,7.6,21,False,987.1
1770848407,21.8,7.6,21,False,987
1770848710,21.8,7.6,21,False,987
1770849008,21.7,7.6,21,False,987
1770849306,21.7,7.7,21,False,987
1770849608,21.7,7.7,21,False,987
1770849907,21.7,7.7,21,False,987
1770850207,21.7,7.7,21,False,987
1770850507,21.7,7.8,21,False,987
1770851106,21.6,7.8,21,False,986.9
1770851407,21.6,7.8,21,False,987
1770851706,21.6,7.8,21,False,986.8
1770852007,21.6,7.8,21,False,986.8
1770852307,21.6,7.9,21,False,986.8
1770852608,21.6,7.9,21,False,986.7
1770852907,21.6,7.9,21,False,986.7
1770853211,21.5,7.9,21,False,986.6
1770853506,21.5,7.9,21,False,986.6
1770853808,21.5,7.9,21,False,986.5
1770854107,21.5,7.9,21,False,986.4
1770854416,21.5,7.9,21,False,986.4
1770854706,21.5,7.9,21,False,986.4
1770855009,21.5,7.9,21,False,986.3
1770855306,21.5,7.8,21,False,986.2
1770855610,21.5,7.8,21,False,986.2
1770855906,21.4,7.8,21,False,986.2
1770856208,21.4,7.8,21,False,986.3
1770856507,21.4,7.8,21,False,986.2
1770856810,21.4,7.8,21,False,986.2
1770857107,21.4,7.8,21,False,986.1
1770857408,21.4,7.9,21,False,986.2
1770857706,21.4,7.9,21,False,986.1
1770858015,21.4,7.9,21,False,986.1
1770858306,21.4,7.9,21,False,986.1
1770858608,21.4,7.8,21,False,986.1
1770858906,21.3,7.8,21,False,986
1770859209,21.3,7.9,21,False,985.9
1770859507,21.3,7.9,21,False,985.8
1770859808,21.3,7.9,21,False,985.7
1770860108,21.3,7.9,21,False,985.7
1770860407,21.3,7.9,21,False,985.6
1770860708,21.3,7.9,21,False,985.5
1770861008,21.3,7.9,21,False,985.4
1770861307,21.3,7.9,21,False,985.5
1770861614,21.3,7.9,21,False,985.3
1770861906,21.3,7.9,21,False,985.2
1770862206,21.3,7.8,21,False,985.2
1770862506,21.2,7.8,22,True,985.1
1770862809,21.2,7.8,22,True,985
1770863107,21.2,7.8,22,True,985
1770863408,21.2,7.7,22,True,984.9
1770863707,21.2,7.6,22,True,984.9
1770864008,21.2,7.6,22,True,984.8
1770864306,21.2,7.6,22,True,984.7
1770864608,21.2,7.5,22,True,984.6
1770864907,21.2,7.4,22,True,984.7
1770865217,21.2,7.3,22,True,984.7
1770865506,21.2,7.2,22,True,984.7
1770865807,21.1,7.1,22,True,984.7
1770866107,21.1,7.1,22,True,984.7
1770866708,21.1,6.8,22,True,984.6
1770867009,21.1,6.8,22,True,984.7
1770867306,21.1,6.7,22,True,984.6
1770867907,21.1,6.5,22,True,984.5
1770868207,21.1,6.4,22,True,984.4
1770868508,21.1,6.3,22,True,984.3
1770868811,21.1,6.2,22,True,984.3
1770869108,21.1,6.1,22,True,984.3
1770869408,21.2,6,22,True,984.4
1770870011,21.2,5.8,22,True,984.5
1770870309,21.2,5.8,22,True,984.6
1770870609,21.2,5.7,22,True,984.4
1770870907,21.2,5.7,22,True,984.4
1770871210,21.2,5.6,22,True,984.5
1770871807,21.2,5.6,22,True,984.5
1770872107,21.2,5.6,22,True,984.4
1770872414,21.2,5.6,22,True,984.4
1770872706,21.2,5.6,22,True,984.3
1770873010,21.2,5.7,22,True,984.3
1770873307,21.2,5.7,22,True,984.1
1770873610,21.2,5.7,22,True,984.3
1770873909,21.2,5.8,22,True,984.3
1770874207,21.2,5.8,22,True,984.3
1770874506,21.3,5.8,22,True,984.3
1770874808,21.3,5.8,22,True,984.1
1770875106,21.3,5.8,22,True,984.1
1770875407,21.3,5.8,22,True,984.1
1770876015,21.3,5.7,22,True,984.1
1770876309,21.3,5.6,22,True,984
1770876607,21.3,5.6,22,True,984.1
1770876907,21.3,5.6,22,True,984.1
1770877210,21.4,5.6,22,True,984.3
1770877508,21.4,5.6,22,True,984.4
1770877809,21.4,5.6,22,True,984.4
1770878108,21.5,5.7,22,True,984.3
1770878407,21.5,5.7,22,True,984.3
1770878708,21.5,5.8,22,True,984.1
1770879010,21.6,5.8,22,True,984.1
1770879307,21.6,5.9,22,True,984.3
1770879907,21.7,5.9,22,True,984.3
1770880208,21.7,5.9,22,True,984.3
1770880510,21.7,6,22,True,984.3
1770880807,21.7,6,22,True,984.3
1770881106,21.7,6.1,22,True,984.1
1770881407,21.7,6.1,22,True,984
1770881707,21.7,6.1,22,True,984
1770882010,21.7,6.1,22,True,984
1770882308,21.7,6.1,22,True,983.9
1770882609,21.8,6.2,22,True,983.8
1770882906,21.8,6.2,22,True,983.7
1770883213,21.8,6.2,22,True,983.7
1770883506,21.7,6.3,22,True,983.7
1770883807,21.8,6.4,22,True,983.7
1770884107,21.8,6.4,22,True,983.6
1770884409,21.8,6.5,22,True,983.7
1770884706,21.8,6.5,22,True,983.7
1770885008,21.8,6.6,22,True,983.6
1770885308,21.8,6.6,22,True,983.5
1770885609,21.8,6.7,22,True,983.5
1770885908,21.8,6.8,22,True,983.4
1770886208,21.8,6.9,22,True,983.4
1770886812,21.8,7.2,22,True,983.4
1770887107,21.8,7.3,22,True,983.3
1770887407,21.8,7.4,22,True,983.3
1770887707,21.8,7.6,22,True,983.2
1770888008,21.8,7.8,22,True,983.2
1770888308,21.8,7.9,22,True,983.2
1770888610,21.8,8.1,22,True,983.1
1770888906,21.8,8.2,22,True,983.1
1770889208,21.8,8.4,22,True,983.1
1770889507,21.9,8.6,22,True,983.1
1770889808,21.9,8.7,22,True,983.1
1770890106,21.9,8.8,22,True,983.1
1770890414,21.9,9,22,True,983
1770890707,21.9,9.1,22,True,983.1
1770891008,21.9,9.2,22,True,983
1770891307,21.9,9.2,22,True,983
1770891608,21.9,9.3,22,True,983
1770891907,21.9,9.3,22,True,983
1770892508,21.9,9.3,22,True,982.9
1770892807,21.9,9.3,22,True,982.9
1770893108,21.9,9.4,22,True,982.8
1770893408,21.9,9.4,22,True,982.9
1770893706,21.9,9.6,22,True,982.8
1770894014,21.9,9.7,22,True,982.7
1770894307,21.9,9.8,22,True,982.7
1770894608,21.9,9.9,22,True,982.5
1770894906,22,10.1,22,True,982.5
1770895209,22,10.2,22,True,982.5
1770895506,22,10.2,22,True,982.4
1770895811,22,10.3,22,True,982.3
1770896106,22,10.4,22,True,982.2
1770896408,22,10.6,22,True,982.2
1770896706,22,10.7,22,True,982.1
1770897007,22,10.8,22,True,982.1
1770897306,22,11,22,True,982.1
1770897616,22,11,22,True,982.1
1770897909,22,11.1,22,True,982.1
1770898209,22,11.2,22,True,982.1
1770898507,22,11.3,22,True,982.1
1770898806,22,11.4,22,True,982.1
1770899107,22,11.4,22,True,982
1770899408,22,11.4,22,True,982
1770899706,22.1,11.4,22,True,981.9
1770900007,22.1,11.3,22,True,981.9
1770900306,22.1,11.3,22,True,981.8
1770900609,22.1,11.2,22,True,981.8
1770900908,22.1,11.2,22,True,981.8
1770901215,22.1,11.2,22,True,981.7
1770901507,22.1,11.2,22,True,981.8
1770901808,22.1,11.1,22,True,981.9
1770902106,22.1,11.1,22,True,981.8
1770902407,22.1,11.1,22,True,981.8
1770902706,22.1,11.1,22,True,981.9
1770903011,22.1,11.1,22,True,981.9
1770903311,22.1,11,22,True,981.9
1770903610,22.1,11,22,True,981.9
1770903909,22.1,10.9,22,True,982
1770904208,22.1,10.9,22,True,982
1770904508,22.2,10.9,22,False,982
1770904812,22.2,11,22,False,982
1770905107,22.2,11,22,False,982
1770905408,22.2,11,22,False,982
1770905707,22.2,11.1,22,False,982
1770906008,22.2,11.1,22,False,982
1770906306,22.2,11.1,22,False,982
1770906608,22.2,11.1,22,False,982
1770906908,22.2,11.1,22,False,982
1770907207,22.2,11.2,22,False,982
1770907507,22.2,11.2,22,False,982
1770907810,22.2,11.2,22,False,982
1770908106,22.2,11.2,22,False,982.1
1770908707,22.2,11.2,22,False,982.1
1770909008,22.2,11.1,22,False,982.1
1770909306,22.2,11,22,False,982.1
1770909609,22.2,11,22,False,982.1
1770909906,22.2,10.9,22,False,982.1
1770910208,22.2,10.8,22,False,982.1
1770910506,22.2,10.7,22,False,982.1
1770910807,22.2,10.6,22,False,982.1
1770911108,22.2,10.5,22,False,982.2
1770911407,22.2,10.3,22,False,982.2
1770911708,22.2,10.2,22,False,982.3
1770912012,22.2,10.1,22,False,982.3
1770912307,22.2,9.9,22,False,982.5
1770912610,22.2,9.7,22,False,982.6
1770912906,22.2,9.5,22,False,982.7
1770913207,22.2,9.4,22,False,982.8
1770913509,22.1,9.2,22,False,982.9
1770913809,22.1,9.1,22,False,983.1
1770914107,22.1,8.9,22,False,983.2
1770914408,22.1,8.8,22,False,983.3
1770914707,22.1,8.6,22,False,983.3
1770915008,22.1,8.5,22,False,983.5
1770915306,22.1,8.4,22,False,983.5
1770915614,22.1,8.3,22,False,983.5
1770915908,22.1,8.2,22,False,983.5
1770916210,22.1,8.1,22,False,983.6
1770916507,22.1,8,22,False,983.6
1770916807,22.1,7.9,22,False,983.6
1770917108,22.1,8,22,False,983.6
1770917712,22.1,7.9,22,False,983.6
1770918312,22.1,7.9,22,False,983.7
1770918606,22.1,7.9,22,False,983.7
1770918911,22.1,7.9,22,False,983.7
1770919212,22.1,7.9,22,False,983.7
1770919506,22.1,7.9,22,False,983.8
1770919809,22.1,7.9,22,False,983.8
1770920108,22.1,7.9,22,False,983.8
1770920412,22.1,7.9,22,False,983.8
1770920707,22.1,7.9,22,False,983.8
1770921307,22.1,7.9,22,False,983.9
1770921608,22.1,7.9,22,False,984
1770921907,22.1,7.9,22,False,983.9
1770922208,22.1,7.9,22,False,984
1770922506,22.1,7.9,22,False,983.9
1770922814,22.1,7.8,22,False,984
1770923107,22,7.8,22,False,984.1
1770923414,22,7.7,22,False,984.1
1770923706,22,7.7,22,False,984.3
1770924009,22,7.6,22,False,984.3
1770924306,22,7.7,22,False,984.4
1770924608,22,7.6,22,False,984.5
1770924906,22,7.6,22,False,984.5
1770925207,22,7.6,22,False,984.5
1770925506,22,7.6,22,False,984.6
1770925809,22,7.5,22,False,984.6
1770926107,22,7.5,22,False,984.5
1770926412,22,7.4,22,False,984.6
1770926707,22,7.4,22,False,984.7
1770927008,22,7.3,22,False,984.8
1770927307,22,7.3,22,False,984.8
1770927606,22,7.3,22,False,984.8
1770927907,22,7.4,22,False,984.8
1770928207,22,7.4,22,False,984.9
1770928508,22,7.4,22,False,984.9
1770928813,22,7.5,22,False,984.9
1770929410,22,7.5,22,False,984.9
1770929706,22,7.5,22,False,985
1770930015,22,7.6,22,False,985
1770930306,22,7.6,21,False,985.1
1770930607,22,7.6,21,False,985.2
1770930906,22,7.6,21,False,985.2
1770931507,22,7.6,21,False,985.3
1770931809,21.9,7.7,21,False,985.4
1770932108,21.9,7.6,21,False,985.4
1770932406,21.9,7.6,21,False,985.4
1770932709,21.9,7.6,21,False,985.4
1770933008,21.9,7.5,21,False,985.5
1770933307,21.9,7.5,21,False,985.5
1770933612,21.9,7.4,21,False,985.6
1770933907,21.9,7.4,21,False,985.6
1770934208,21.9,7.4,21,False,985.7
1770934507,21.9,7.5,21,False,985.7
1770934808,21.9,7.5,21,False,985.8
1770935106,21.9,7.5,21,False,985.9
1770935409,21.9,7.6,21,False,985.9
1770935706,21.9,7.6,21,False,986
1770936008,21.9,7.6,21,False,986
1770936307,21.9,7.7,21,False,986.1
1770936610,21.9,7.7,21,False,986.2
1770936906,21.8,7.7,21,False,986.3
1770937506,21.8,7.8,21,False,986.4
1770937807,21.8,7.9,21,False,986.4
1770938107,21.8,7.9,21,False,986.5
1770938406,21.8,7.9,21,False,986.5
1770938706,21.8,8,21,False,986.5
1770939007,21.7,8,21,False,986.6
1770939307,21.7,8,21,False,986.7
1770939609,21.7,8,21,False,986.8
1770939906,21.7,8,21,False,986.8
1770940208,21.7,8,21,False,986.9
1770940507,21.7,8,21,False,986.9
1770940814,21.7,8.1,21,False,987.1
1770941107,21.6,8,21,False,987.2
1770941411,21.6,8,21,False,987.3
1770941706,21.6,8.1,21,False,987.3
1770942009,21.6,8.1,22,True,987.3
1770942307,21.6,8,22,True,987.4
1770942609,21.6,8.1,22,True,987.5
1770942906,21.6,8.1,22,True,987.6
1770943214,21.6,8.1,22,True,987.7
1770943506,21.5,8.1,22,True,987.8
1770943808,21.5,8.1,22,True,987.8
1770944106,21.5,8.1,22,True,987.9
1770944706,21.5,8,22,True,988.1
1770945010,21.5,8,22,True,988.1
1770945307,21.5,7.9,22,True,988.2
1770945608,21.5,8,22,True,988.3
1770946506,21.5,7.9,22,True,988.4
1770946808,21.5,7.9,22,True,988.4
1770947106,21.5,7.9,22,True,988.5
1770947410,21.5,7.9,22,True,988.5
1770947706,21.5,7.9,22,True,988.6
1770948307,21.5,7.9,22,True,988.7
1770948608,21.5,7.8,22,True,988.7
1770948906,21.5,7.8,22,True,988.7
1770949507,21.5,7.8,22,True,988.8
1770949809,21.5,7.7,22,True,988.9
1770950107,21.5,7.7,22,True,988.9
1770950407,21.5,7.6,22,True,988.9
1770950710,21.5,7.6,22,True,988.9
1770951013,21.5,7.6,22,True,988.9
1770951306,21.6,7.5,22,True,988.9
1770951615,21.5,7.5,22,True,989
1770951907,21.5,7.4,22,True,989
1770952207,21.5,7.3,22,True,989
1770952506,21.6,7.2,22,True,989
1770953107,21.6,7.1,22,True,989.2
1770953708,21.6,7.1,22,True,989.3
1770954008,21.6,7.1,22,True,989.3
1770954306,21.6,7.1,22,True,989.3
1770954609,21.6,7.1,22,True,989.5
1770954909,21.6,7,22,True,989.5
1770955809,21.6,6.8,22,True,989.7
1770956107,21.6,6.7,22,True,989.6
1770957306,21.6,6.6,22,True,989.8
1770957613,21.7,6.5,22,True,989.8
1770958209,21.7,6.4,22,True,989.8
1770959106,21.7,6.4,22,True,989.9
1770959412,21.7,6.5,22,True,989.9
1770959707,21.7,6.5,22,True,990
1770960008,21.7,6.6,22,True,990
1770960309,21.7,6.6,22,True,990
1770960608,21.7,6.6,22,True,990.1
1770960906,21.8,6.6,22,True,990.1
1770961208,21.8,6.7,22,True,990.2
1770961508,21.8,6.7,22,True,990.2
1770962108,21.8,6.9,22,True,990.2
1770962411,21.8,6.9,22,True,990.2
1770962708,21.8,6.9,22,True,990.3
1770963007,21.8,7,22,True,990.3
1770963307,21.8,7,22,True,990.4
1770963610,21.8,7.1,22,True,990.4
1770963906,21.8,7.1,22,True,990.4
1770964212,21.8,7.1,22,True,990.5
1770964509,21.9,7.1,22,True,990.5
1770965107,21.9,7.2,22,True,990.5
1770965413,21.9,7.2,22,True,990.5
1770965706,21.9,7.2,22,True,990.6
1770966014,21.9,7.2,22,True,990.7
1770966308,21.9,7.3,22,True,990.6
1770966608,21.9,7.4,22,True,990.7
1770966906,21.9,7.4,22,True,990.7
1770967209,21.9,7.5,22,True,990.7
1770967512,21.9,7.5,22,True,990.7
1770967810,21.9,7.6,22,True,990.7
1770968110,21.9,7.6,22,True,990.8
1770968410,22,7.6,22,True,990.9
1770968707,22,7.7,22,True,990.9
1770969008,22,7.7,22,True,990.9
1770969307,22.1,7.8,22,True,990.9
1770969615,22.2,7.9,22,False,990.9
1770969907,22.2,7.9,22,False,991
1770970209,22.2,8,22,False,991.1
1770970509,22.2,8,22,False,991.1
1770970807,22.2,8.1,22,False,991
1770971107,22.2,8.1,22,False,991.1
1770971409,22.3,8.2,22,False,991.1
1770971706,22.3,8.2,22,False,991.1
1770972007,22.3,8.3,22,False,991.1
1770972311,22.3,8.3,22,False,991.1
1770972610,22.4,8.4,22,False,991.2
1770972909,22.4,8.5,22,False,991.2
1770973218,22.4,8.5,22,False,991.2
1770973506,22.4,8.6,22,False,991.2
1770973807,22.4,8.7,22,False,991.3
1770974107,22.4,8.7,22,False,991.3
1770974407,22.4,8.7,22,False,991.4
1770974706,22.4,8.8,22,False,991.4
1770975011,22.4,8.9,22,False,991.5
1770975307,22.4,8.9,22,False,991.4
1770975608,22.4,9,22,False,991.5
1770975907,22.4,9.1,22,False,991.8
1770976211,22.4,9.1,22,False,991.8
1770976507,22.4,9.1,22,False,991.9
1770976819,22.4,9,22,False,991.9
1770977110,22.4,9,22,False,992
1770977407,22.4,9,22,False,992.1
1770977708,22.3,8.9,22,False,992.1
1770978008,22.3,8.9,22,False,992
1770978308,22.3,8.8,22,False,992
1770978607,22.3,8.9,22,False,992
1770978908,22.3,8.9,22,False,992
1770979208,22.2,8.9,22,False,992
1770979511,22.2,8.9,22,False,991.9
1770979807,22.2,9,22,False,991.9
1770980106,22.2,9,22,False,992
1770980414,22.2,9.1,22,False,992
1770980706,22.2,9.1,22,False,992.1
1770981008,22.2,9.2,22,False,992.1
1770981306,22.1,9.3,22,False,992.1
1770981606,22.1,9.4,22,False,992.2
1770981906,22.1,9.5,22,False,992.2
1770982211,22.1,9.5,22,False,992.2
1770982507,22.1,9.5,22,False,992.2
1770982809,22.1,9.5,22,False,992.2
1770983107,22.1,9.5,22,False,992.3
1770983407,22.1,9.6,22,False,992.3
1770983707,22,9.6,22,False,992.3
1770984011,22,9.6,22,False,992.3
1770984306,22,9.6,22,False,992.3
1770984612,22,9.5,22,False,992.3
1770984907,22,9.5,22,False,992.3
1770985208,22,9.4,22,False,992.3
1770985508,22,9.4,22,False,992.4
1770985806,22,9.3,22,False,992.4
1770986107,21.9,9.2,22,False,992.5
1770986410,21.9,9.2,22,False,992.5
1770986706,21.9,9.2,22,False,992.5
1770987009,21.9,9.1,22,False,992.5
1770987614,21.9,9,22,False,992.7
1770987908,21.9,9,22,False,992.7
1770988208,21.9,8.8,22,False,992.6
1770988508,21.8,8.7,22,True,992.6
1770988808,21.8,8.6,22,True,992.6
1770989109,21.8,8.4,22,True,992.7
1770989408,21.8,8.4,22,True,992.7
1770989708,21.8,8.2,22,True,992.8
1770990007,21.8,8.1,22,True,992.8
1770990306,21.8,8.1,22,True,992.8
1770990607,21.8,8.1,22,True,992.9
1770990907,21.8,8,22,True,992.9
1770991213,21.8,8.1,22,True,993
1770991508,21.8,8.1,22,True,993
1770992109,21.8,8,22,True,993.1
1770992411,21.8,7.9,22,True,993
1770992706,21.8,7.8,22,True,993.1
1770993007,21.9,7.7,22,True,993.2
1770993307,21.9,7.6,22,True,993.2
1770993607,21.9,7.5,22,True,993.3
1770993908,22,7.5,22,True,993.2
1770994510,22,7.4,22,True,993.3
1770994815,22,7.3,22,True,993.3
1770995109,22.1,7.4,22,True,993.3
1770995408,22,7.4,22,True,993.3
1770995709,22,7.5,22,True,993.3
1770996009,22,7.6,22,True,993.3
1770996613,22,7.6,22,True,993.5
1770996909,22,7.6,22,True,993.5
1770997208,22.1,7.7,22,True,993.5
1770997509,22.1,7.6,22,True,993.6
1770997807,22.1,7.6,22,True,993.6
1770998108,22.1,7.7,22,True,993.6
1770998415,22.1,7.7,22,True,993.7
1770998708,22.1,7.7,22,True,993.8
1770999006,22.1,7.7,22,True,993.9
1770999312,22.1,7.6,22,True,994
1770999608,22.2,7.7,22,False,994.1
1770999907,22.2,7.6,22,False,994.2
1771000208,22.2,7.6,22,False,994.2
1771000506,22.2,7.5,22,False,994.2
1771000807,22.3,7.4,22,False,994.2
1771001110,22.3,7.3,22,False,994.3
1771001408,22.3,7.2,22,False,994.4
1771001707,22.3,7.1,22,False,994.4
1771002016,22.3,7,22,False,994.4
1771002308,22.3,6.9,22,False,994.5
1771002607,22.3,6.8,22,False,994.5
1771002906,22.3,6.8,22,False,994.5
1771003208,22.3,6.7,22,False,994.6
1771003506,22.3,6.6,22,False,994.6
1771004108,22.3,6.5,22,False,994.6
1771004406,22.3,6.5,22,False,994.7
1771004709,22.3,6.4,22,False,994.8
1771005007,22.3,6.3,22,False,994.9
1771005312,22.3,6.3,22,False,994.9
1771005616,22.3,6.2,22,False,994.9
1771005907,22.3,6.2,22,False,994.9
1771006209,22.3,6.2,22,False,995
1771006506,22.3,6.2,22,False,995
1771006807,22.3,6.1,22,False,995.2
1771007107,22.3,6.1,22,False,995.3
1771007414,22.3,6.1,22,False,995.3
1771007707,22.3,6.1,22,False,995.2
1771008308,22.2,6,22,False,995.2
1771008608,22.2,5.9,22,False,995.2
1771008907,22.2,5.9,22,False,995.1
1771009807,22.3,5.6,22,False,995.2
1771010106,22.3,5.5,22,False,995.2
1771010411,22.3,5.4,22,False,995.2
1771010707,22.3,5.3,22,False,995.1
1771011009,22.3,5.2,22,False,995.1
1771011306,22.3,5.1,22,False,995.2
1771011610,22.3,5,22,False,995.2
1771012211,22.3,4.8,22,False,995.4
1771012510,22.3,4.7,22,False,995.4
1771012821,22.2,4.7,22,False,995.3
1771013108,22.2,4.6,22,False,995.4
1771013710,22.2,4.6,22,False,995.4
1771014012,22.2,4.5,22,False,995.6
1771014307,22.2,4.5,22,False,995.7
1771014906,22.2,4.4,22,False,995.7
1771015208,22.2,4.4,22,False,995.7
1771015507,22.2,4.4,22,False,995.7
1771015810,22.2,4.3,22,False,995.8
1771016107,22.2,4.3,22,False,995.9
1771016708,22.2,4.1,22,False,995.9
1771017007,22.2,4.1,22,False,995.9
1771017307,22.2,4.1,22,False,995.8
1771017607,22.2,4.1,22,False,995.8
1771017911,22.2,4.1,22,False,995.8
1771018207,22.2,4.1,22,False,995.9
1771018508,22.2,4.1,22,False,995.9
1771018808,22.2,4.1,22,False,996
1771019108,22.2,4.2,22,False,996
1771019408,22.1,4.2,22,False,996.1
1771019709,22.1,4.2,22,False,996.1
1771020607,22.1,4.3,22,False,996.3
1771020908,22.1,4.4,22,False,996.3
1771021210,22.1,4.4,22,False,996.3
1771021508,22.1,4.4,22,False,996.3
1771021811,22,4.5,22,False,996.4
1771022107,22,4.5,22,False,996.6
1771022407,22,4.5,22,False,996.6
1771022709,22,4.5,22,False,996.7
1771023007,21.9,4.5,22,False,996.8
1771023306,21.9,4.5,22,False,996.8
1771024506,21.9,4.6,22,True,996.9
1771024808,21.8,4.6,22,True,996.9
1771025107,21.8,4.6,22,True,997
1771025409,21.8,4.6,22,True,997
1771025707,21.8,4.6,22,True,997
1771026009,21.8,4.6,22,True,997
1771026307,21.8,4.6,22,True,997.1
1771026617,21.8,4.6,22,True,997.1
1771026906,21.8,4.6,22,True,997.2
1771027507,21.8,4.6,22,True,997.2
1771027809,21.7,4.6,22,True,997.3
1771028109,21.8,4.6,22,True,997.3
1771028409,21.8,4.6,22,True,997.3
1771028707,21.7,4.6,22,True,997.4
1771029307,21.7,4.6,22,True,997.4
1771029608,21.7,4.6,22,True,997.4
1771029907,21.8,4.6,22,True,997.4
1771030507,21.8,4.6,22,True,997.4
1771031107,21.7,4.6,22,True,997.4
1771031408,21.8,4.6,22,True,997.3
1771031708,21.8,4.6,22,True,997.3
1771032307,21.8,4.6,22,True,997.4
1771032612,21.8,4.5,22,True,997.4
1771032907,21.8,4.5,22,True,997.4
1771033209,21.8,4.6,22,True,997.4
1771033507,21.8,4.6,22,True,997.4
1771033809,21.8,4.5,22,True,997.4
1771034107,21.8,4.5,22,True,997.4
1771034420,21.8,4.5,22,True,997.4
1771034707,21.8,4.4,22,True,997.3
1771035011,21.8,4.4,22,True,997.3
1771035307,21.8,4.4,22,True,997.3
1771035908,21.8,4.2,22,True,997.4
1771036208,21.8,4.2,22,True,997.5
1771036507,21.8,4.1,22,True,997.5
1771036808,21.8,4.1,22,True,997.6
1771037106,21.8,4,22,True,997.7
1771037409,21.8,4,22,True,997.8
1771037706,21.8,4,22,True,997.8
1771038023,21.8,3.9,22,True,997.8
1771038307,21.9,3.9,22,True,997.8
1771038612,21.9,3.9,22,True,997.9
1771039210,21.9,4,22,True,998
1771039507,21.9,3.9,22,True,998
1771039809,21.9,4,22,True,998.1
1771040107,21.9,4,22,True,998.1
1771053431,22.2,3.6,22,False,1001.2
1771053618,22.3,3.7,22,False,1001.2
1771053907,22.3,3.7,22,False,1001.3
1771054212,22.3,3.7,22,False,1001.3
1771054810,22.3,3.8,22,False,1001.2
1771055106,22.4,3.7,22,False,1001.2
1771055409,22.4,3.7,22,False,1001.3
1771055708,22.4,3.8,22,False,1001.4
1771056012,22.4,3.8,22,False,1001.4
1771056306,22.4,3.8,22,False,1001.5
1771056611,22.4,3.9,22,False,1001.5
1771056912,22.4,3.9,22,False,1001.6
1771057208,22.3,4,22,False,1001.7
1771057506,22.3,4.1,22,False,1001.7
1771057807,22.3,4.1,22,False,1001.8
1771058107,22.3,4.1,22,False,1001.8
1771058407,22.3,4.1,22,False,1001.8
1771058706,22.3,4.1,22,False,1001.8
1771059306,22.4,4.1,22,False,1001.8
1771059620,22.4,4.1,22,False,1001.9
1771059911,22.4,4.1,22,False,1002
1771060208,22.4,4.1,22,False,1002
1771060506,22.4,4.2,22,False,1002.1
1771060807,22.4,4.2,22,False,1002.2
1771061108,22.4,4.2,22,False,1002.3
1771061406,22.4,4.2,22,False,1002.3
1771061707,22.4,4.3,22,False,1002.4
1771062008,22.4,4.3,22,False,1002.5
1771062307,22.4,4.3,22,False,1002.5
1771062609,22.4,4.3,22,False,1002.6
1771062906,22.4,4.5,22,False,1002.7
1771063215,22.4,4.5,22,False,1002.7
1771063506,22.4,4.5,22,False,1002.8
1771063811,22.4,4.6,22,False,1002.8
1771064109,22.4,4.7,22,False,1002.9
1771064407,22.4,4.7,22,False,1002.9
1771064708,22.4,4.8,22,False,1003
1771065008,22.4,4.9,22,False,1003
1771065307,22.4,4.9,22,False,1003.2
1771065609,22.3,4.9,22,False,1003.3
1771065907,22.3,5,22,False,1003.3
1771066209,22.3,5,22,False,1003.4
1771066508,22.3,5.1,22,False,1003.4
1771066816,22.3,5.2,22,False,1003.5
1771067106,22.3,5.3,22,False,1003.5
1771067408,22.3,5.3,22,False,1003.6
1771067711,22.3,5.3,22,False,1003.7
1771068007,22.3,5.4,22,False,1003.7
1771068606,22.3,5.4,22,False,1003.8
1771068910,22.3,5.5,22,False,1003.9
1771069507,22.2,5.5,22,False,1003.9
1771069809,22.2,5.5,22,False,1004
1771070106,22.2,5.6,22,False,1004.1
1771070418,22.2,5.6,22,False,1004
1771070706,22.2,5.5,22,False,1004.1
1771071007,22.2,5.6,22,False,1004.2
1771071306,22.2,5.6,22,False,1004.2
1771071607,22.2,5.5,22,False,1004.1
1771071908,22.2,5.5,22,False,1004.2
1771072207,22.2,5.5,22,False,1004.2
1771072506,22.2,5.4,22,False,1004.3
1771072810,22.2,5.4,22,False,1004.3
1771073106,22.2,5.3,22,False,1004.3
1771073407,22.2,5.2,22,False,1004.4
1771073707,22.2,5.1,22,False,1004.5
1771074015,22.2,5.1,22,False,1004.6
1771074306,22.2,5,22,False,1004.6
1771074611,22.2,4.9,22,False,1004.6
1771074907,22.2,4.8,22,False,1004.7
1771075208,22.2,4.7,22,False,1004.8
1771075508,22.1,4.7,22,False,1004.9
1771075810,22.1,4.6,22,False,1004.9
1771076107,22.2,4.6,22,False,1005
1771076407,22.2,4.6,22,False,1005
1771076708,22.2,4.5,22,False,1005.1
1771077009,22.2,4.5,22,False,1005.1
1771077307,22.2,4.4,22,False,1005.2
1771077613,22.2,4.3,22,False,1005.2
1771077906,22.1,4.3,22,False,1005.3
1771078206,22.1,4.2,22,False,1005.3
1771078808,22,4.1,22,False,1005.5
1771079106,22,4,22,False,1005.5
1771079407,22,4,22,False,1005.6
1771079707,22,3.9,22,False,1005.7
1771080008,22,3.8,22,False,1005.8
1771080307,22,3.8,22,False,1005.9
1771080612,22,3.7,22,False,1005.9
1771080909,22,3.6,22,False,1006
1771081211,22,3.5,22,False,1006
1771081508,22,3.4,22,False,1006
1771081810,22,3.3,22,False,1006.1
1771082107,22,3.2,22,False,1006.2
1771082410,22,3.1,22,False,1006.3
1771082708,22,3.1,22,False,1006.5
1771083007,22,3,22,False,1006.6
1771083306,22,3,22,False,1006.7
1771083607,22,3,22,False,1006.7
1771083911,22,2.9,22,False,1006.9
1771084507,22,2.8,22,False,1007
1771084813,22,2.8,22,False,1007.1
1771085107,21.9,2.7,22,False,1007.2
1771085407,21.9,2.7,22,False,1007.2
1771086008,21.9,2.6,22,False,1007.4
1771086308,21.9,2.5,22,False,1007.5
1771086607,21.9,2.5,22,False,1007.6
1771086909,21.9,2.4,22,False,1007.6
1771087207,21.9,2.4,22,False,1007.7
1771087506,21.9,2.3,22,False,1007.8
1771087808,21.9,2.3,22,False,1007.9
1771088112,21.9,2.3,22,False,1008
1771088411,21.9,2.2,22,False,1008.1
1771088706,21.9,2.1,22,False,1008.2
1771089011,21.9,2.1,22,False,1008.3
1771089309,21.9,2.1,22,False,1008.4
1771089608,21.9,2.1,22,False,1008.5
1771089907,21.9,2,22,False,1008.6
1771090209,21.9,1.9,22,False,1008.7
1771090506,21.9,1.9,22,False,1008.8
1771090807,21.9,1.9,22,False,1008.9
1771091409,21.9,1.8,22,False,1009
1771091707,21.9,1.8,22,False,1009.1
1771092013,21.9,1.7,22,False,1009.3
1771092307,21.9,1.7,22,False,1009.3
1771092609,21.9,1.6,22,False,1009.3
1771092906,21.9,1.6,22,False,1009.4
1771093213,21.8,1.6,22,True,1009.5
1771093506,21.8,1.6,22,True,1009.6
1771093810,21.8,1.5,22,True,1009.7
1771094408,21.8,1.4,22,True,1009.9
1771094712,21.8,1.4,22,True,1010
1771095008,21.9,1.4,22,True,1010
1771095309,21.9,1.3,22,True,1010.1
1771095612,21.9,1.3,22,True,1010.2
1771095907,22,1.2,22,True,1010.3
1771096212,22.1,1.1,22,True,1010.4
1771096507,22.2,1.1,22,False,1010.4
1771096810,22.2,1,22,False,1010.7
1771097106,22.3,1,22,False,1010.8
1771097408,22.4,0.9,22,False,1010.9
1771097709,22.5,0.9,22,False,1011.1
1771098008,22.5,0.9,22,False,1011.1
1771098318,22.6,0.8,22,False,1011.3
1771098613,22.6,0.8,22,False,1011.3
1771098909,22.6,0.8,22,False,1011.4
1771099212,22.7,0.8,22,False,1011.4
1771099507,22.7,0.8,22,False,1011.5
1771099808,22.7,0.8,22,False,1011.6
1771100107,22.7,0.8,22,False,1011.6
1771100407,22.7,0.8,22,False,1011.6
1771100711,22.8,0.8,22,False,1011.6
1771101011,22.8,0.8,22,False,1011.7
1771101308,22.9,0.8,22,False,1011.7
1771101608,22.9,0.8,22,False,1011.8
1771101908,22.9,0.8,22,False,1011.8
1771102211,22.9,0.7,22,False,1011.8
1771102509,22.9,0.7,22,False,1011.9
1771102815,23,0.7,22,False,1012
1771103106,23,0.7,22,False,1012
1771103409,23,0.6,22,False,1012.1
1771103708,23,0.6,22,False,1012.1
1771104011,23,0.6,22,False,1012.2
1771104310,23,0.6,22,False,1012.2
1771104609,23,0.6,22,False,1012.2
1771104906,22.9,0.6,22,False,1012.3
1771105209,22.5,0.5,22,False,1012.5
1771105508,22.5,0.5,22,False,1012.5
1771105809,22.5,0.5,22,False,1012.5
1771106109,22.5,0.4,22,False,1012.6
1771106417,22.5,0.5,22,False,1012.7
1771106706,22.5,0.5,22,False,1012.7
1771107009,22.5,0.4,22,False,1012.8
1771107307,22.5,0.4,22,False,1012.9
1771107607,22.5,0.4,22,False,1012.9
1771107907,22.5,0.4,22,False,1013
1771108208,22.5,0.4,22,False,1013.1
1771108514,22.5,0.4,22,False,1013.1
1771108813,22.5,0.4,22,False,1013.2
1771109109,22.5,0.4,22,False,1013.2
1771109413,22.5,0.3,22,False,1013.3
1771109707,22.5,0.4,22,False,1013.4
1771110014,22.4,0.4,22,False,1013.4
1771110307,22.4,0.4,22,False,1013.5
1771110609,22.4,0.4,22,False,1013.6
1771110907,22.4,0.4,22,False,1013.6
1771111209,22.4,0.4,22,False,1013.7
1771111507,22.4,0.4,22,False,1013.8
1771111807,22.4,0.3,22,False,1013.9
1771112108,22.4,0.3,22,False,1014
1771112409,22.4,0.3,22,False,1014
1771112707,22.4,0.3,22,False,1014.1
1771113009,22.3,0.2,22,False,1014.1
1771113306,22.3,0.2,22,False,1014.1
1771113618,22.3,0.2,22,False,1014.2
1771113906,22.3,0.1,22,False,1014.3
1771114207,22.3,0.1,22,False,1014.5
1771114507,22.2,0.1,22,False,1014.5
1771114808,22.2,0.1,22,False,1014.5
1771115106,22.2,0,22,False,1014.6
1771115408,22.2,0,22,False,1014.6
1771115706,22.2,0,22,False,1014.7
1771116010,22.2,0,22,False,1014.8
1771116306,22.2,-0.1,22,False,1014.8
1771116610,22.1,0,22,False,1014.7
1771116908,22.1,-0.1,22,False,1014.7
1771117213,22.1,-0.1,22,False,1014.7
1771117508,22.1,-0.1,22,False,1014.7
1771117807,22.1,-0.1,22,False,1014.8
1771118107,22.1,-0.2,22,False,1014.8
1771119009,22,-0.1,22,False,1014.7
1771119307,22,-0.1,22,False,1014.7
1771119609,22,-0.1,22,False,1014.7
1771119906,22,-0.1,22,False,1014.7
1771120209,22,-0.1,22,False,1014.7
1771120506,21.9,-0.1,22,False,1014.7
1771120814,21.9,-0.1,22,False,1014.7
1771121106,21.9,-0.1,22,False,1014.8
1771121407,21.9,-0.1,22,False,1014.7
1771121706,21.9,-0.1,22,False,1014.7
1771122309,21.8,-0.1,22,True,1014.8
1771122906,21.8,-0.1,22,True,1014.8
1771123208,21.8,-0.1,22,True,1014.8
1771123507,21.8,-0.2,22,True,1014.9
1771123808,21.8,-0.2,22,True,1014.9
1771124106,21.8,-0.2,22,True,1014.9
1771124414,21.8,-0.2,22,True,1015
1771124706,21.8,-0.2,22,True,1015.1
1771125008,21.8,-0.2,22,True,1015.2
1771125907,21.7,-0.3,22,True,1015.4
1771126206,21.7,-0.3,22,True,1015.5
1771126507,21.7,-0.3,22,True,1015.6
1771126807,21.7,-0.4,22,True,1015.7
1771127106,21.7,-0.3,22,True,1015.7
1771127411,21.7,-0.3,22,True,1015.8
1771127707,21.7,-0.3,22,True,1015.9
1771128014,21.7,-0.4,22,True,1016
1771128306,21.7,-0.4,22,True,1016.1
1771128609,21.7,-0.4,22,True,1016.2
1771128906,21.7,-0.4,22,True,1016.2
1771129209,21.7,-0.4,22,True,1016.2
1771129507,21.7,-0.4,22,True,1016.2
1771129816,21.7,-0.4,22,True,1016.2
1771130106,21.7,-0.4,22,True,1016.3
1771130409,21.7,-0.4,22,True,1016.3
1771130708,21.7,-0.5,22,True,1016.3
1771131009,21.7,-0.4,22,True,1016.4
1771131616,21.7,-0.5,22,True,1016.5
1771131907,21.7,-0.5,22,True,1016.5
1771132208,21.7,-0.5,22,True,1016.5
1771132506,21.7,-0.5,22,True,1016.5
1771132808,21.7,-0.5,22,True,1016.6
1771133109,21.7,-0.5,22,True,1016.6
1771133407,21.7,-0.5,22,True,1016.7
1771133707,21.7,-0.6,22,True,1016.8
1771134010,21.7,-0.6,22,True,1016.8
1771134307,21.7,-0.6,22,True,1016.8
1771134609,21.7,-0.6,22,True,1016.9
1771134906,21.7,-0.7,22,True,1017
1771135214,21.7,-0.7,22,True,1017.1
1771135506,21.7,-0.7,22,True,1017.1
1771135808,21.7,-0.7,22,True,1017.2
1771136107,21.7,-0.8,22,True,1017.3
1771136408,21.7,-0.8,22,True,1017.4
1771137011,21.7,-0.9,22,True,1017.4
1771137307,21.7,-0.9,22,True,1017.3
1771137612,21.8,-0.9,22,True,1017.3
1771138211,21.8,-0.9,22,True,1017.4
1771138508,21.8,-0.9,22,True,1017.4
1771138816,21.9,-0.9,22,True,1017.4
1771139106,21.9,-0.9,22,True,1017.4
1771139407,21.9,-0.9,22,True,1017.4
1771139706,21.9,-0.9,22,True,1017.4
1771140007,21.9,-0.9,22,True,1017.5
1771140319,21.9,-0.9,22,True,1017.5
1771140610,21.9,-0.9,22,True,1017.5
1771140906,22,-0.9,22,True,1017.5
1771141214,22,-0.9,22,True,1017.5
1771141511,22,-0.9,22,True,1017.5
1771141807,22.1,-0.9,22,True,1017.5
1771142106,22.1,-0.8,22,True,1017.6
1771142415,22.1,-0.8,22,True,1017.7
1771142706,22.1,-0.7,22,True,1017.7
1771143011,22.2,-0.7,22,False,1017.7
1771143308,22.2,-0.7,22,False,1017.7
1771143608,22.2,-0.6,22,False,1017.7
1771143907,22.2,-0.6,22,False,1017.7
1771144209,22.2,-0.6,22,False,1017.7
1771144506,22.2,-0.5,22,False,1017.7
1771144813,22.3,-0.4,22,False,1017.8
1771145116,22.3,-0.4,22,False,1017.7
1771145414,22.3,-0.4,22,False,1017.7
1771145707,22.3,-0.4,22,False,1017.7
1771146012,22.3,-0.3,22,False,1017.8
1771146307,22.3,-0.4,22,False,1017.8
1771146606,22.3,-0.4,22,False,1017.7
1771146906,22.3,-0.4,22,False,1017.7
1771147214,22.3,-0.4,22,False,1017.7
1771147507,22.3,-0.3,22,False,1017.6
1771148107,22.3,-0.3,22,False,1017.7
1771148415,22.3,-0.2,22,False,1017.7
1771149007,22.3,-0.1,22,False,1017.7
1771149307,22.3,0,22,False,1017.7
1771149611,22.3,0,22,False,1017.7
1771149906,22.2,0.1,22,False,1017.6
1771150207,22.2,0.1,22,False,1017.7
1771150509,22.2,0.2,22,False,1017.6
1771150809,22.2,0.3,22,False,1017.6
1771151109,22.2,0.4,22,False,1017.6
1771151410,22.2,0.5,22,False,1017.6
1771151707,22.2,0.6,22,False,1017.5
1771152007,22.2,0.6,22,False,1017.5
1771152309,22.2,0.6,22,False,1017.4
1771152609,22.2,0.6,22,False,1017.4
1771152907,22.2,0.6,22,False,1017.4
1771153214,22.2,0.6,22,False,1017.4
1771153511,22.2,0.6,22,False,1017.4
1771153809,22.2,0.6,22,False,1017.4
1771154106,22.2,0.6,22,False,1017.4
1771154408,22.2,0.6,22,False,1017.4
1771155008,22.2,0.6,22,False,1017.4
1771155307,22.2,0.6,22,False,1017.5
1771155607,22.2,0.6,22,False,1017.4
1771155915,22.1,0.5,22,False,1017.4
1771156209,22.1,0.5,22,False,1017.5
1771156506,22.1,0.5,22,False,1017.4
1771156816,22.1,0.4,22,False,1017.4
1771157107,22,0.4,22,False,1017.3
1771157408,22,0.4,22,False,1017.3
1771157707,22,0.3,22,False,1017.2
1771158007,22,0.3,22,False,1017.1
1771158307,22,0.4,22,False,1017.1
1771158610,22,0.4,22,False,1017
1771158906,22,0.4,22,False,1016.9
1771159213,22,0.4,22,False,1016.8
1771159506,22,0.4,22,False,1016.8
1771159807,22,0.4,22,False,1016.7
1771160107,22,0.4,22,False,1016.6
1771160708,22,0.3,22,False,1016.5
1771161008,21.9,0.3,22,False,1016.5
1771161307,21.9,0.3,22,False,1016.4
1771161607,21.9,0.3,22,False,1016.3
1771161911,21.9,0.2,22,False,1016.4
1771162207,21.9,0.2,22,False,1016.5
1771162506,21.9,0.2,22,False,1016.5
1771162816,21.9,0.2,22,False,1016.5
1771163108,21.9,0.1,22,False,1016.5
1771163408,21.9,0.1,22,False,1016.4
1771163710,21.9,0.1,22,False,1016.5
1771164020,21.9,0.1,22,False,1016.5
1771164309,21.9,0.1,22,False,1016.4
1771164611,21.9,0.1,22,False,1016.4
1771164911,21.8,0.1,22,True,1016.4
1771165208,21.8,0.1,22,True,1016.3
1771165507,21.8,0,22,True,1016.3
1771165807,21.8,0,22,True,1016.2
1771166106,21.8,-0.1,22,True,1016.2
1771166407,21.8,0,22,True,1016.2
1771166707,21.8,-0.1,22,True,1016.3
1771167008,21.8,-0.1,22,True,1016.2
1771167306,21.8,-0.2,22,True,1016.2
1771167615,21.7,-0.2,22,True,1016.3
1771167906,21.8,-0.3,22,True,1016.1
1771168207,21.8,-0.4,22,True,1016
1771168507,21.7,-0.4,22,True,1015.9
1771168808,21.7,-0.5,22,True,1015.8
1771169109,21.7,-0.5,22,True,1015.9
1771169416,21.7,-0.5,22,True,1015.9
1771169706,21.7,-0.6,22,True,1015.8
1771170313,21.7,-0.7,22,True,1015.7
1771170610,21.7,-0.7,22,True,1015.7
1771170907,21.7,-0.7,22,True,1015.7
1771171506,21.7,-0.9,22,True,1015.4
1771171810,21.6,-0.9,22,True,1015.4
1771172108,21.7,-0.9,22,True,1015.4
1771172409,21.6,-1,22,True,1015.3
1771172707,21.6,-1.1,22,True,1015.3
1771173009,21.6,-1.2,22,True,1015.3
1771173311,21.6,-1.3,22,True,1015.3
1771173609,21.6,-1.4,22,True,1015.3
1771173906,21.6,-1.5,22,True,1015.3
1771174208,21.6,-1.5,22,True,1015.2
1771174506,21.6,-1.5,22,True,1015.2
1771174817,21.6,-1.6,22,True,1015.1
1771175106,21.6,-1.7,22,True,1015.1
1771175411,21.6,-1.8,22,True,1015
1771176007,21.6,-2,22,True,1014.9
1771176310,21.6,-2.1,22,True,1014.8
1771176608,21.7,-2.2,22,True,1014.7
1771176909,21.6,-2.4,22,True,1014.7
1771177211,21.7,-2.6,22,True,1014.6
1771177507,21.7,-2.7,22,True,1014.6
1771178108,21.6,-3,22,True,1014.5
1771178706,21.7,-3.3,22,True,1014.2
1771179008,21.7,-3.5,22,True,1014.2
1771179307,21.7,-3.7,22,True,1014.1
1771179613,21.7,-3.7,22,True,1014
1771179913,21.8,-3.9,22,True,1014
1771180208,21.8,-4,22,True,1013.9
1771180509,21.8,-4,22,True,1013.9
1771180808,21.8,-4.1,22,True,1013.8
1771181106,21.8,-4.2,22,True,1013.6
1771181410,21.8,-4.3,22,True,1013.6
1771181708,21.8,-4.3,22,True,1013.6
1771182017,21.9,-4.4,22,True,1013.5
1771182309,21.9,-4.5,22,True,1013.4
1771182608,21.9,-4.5,22,True,1013.3
1771182911,21.9,-4.6,22,True,1013.2
1771183208,21.9,-4.7,22,True,1013.1
1771183512,21.9,-4.7,22,True,1013.1
1771183808,21.9,-4.8,22,True,1013
1771184109,21.9,-4.9,22,True,1013
1771184408,22,-4.9,22,True,1012.9
1771184707,22,-5,22,True,1012.9
1771185011,22,-5,22,True,1012.8
1771185307,22,-5.1,22,True,1012.7
1771185613,22,-5.2,22,True,1012.6
1771185907,22,-5.2,22,True,1012.5
1771186209,22,-5.2,22,True,1012.4
1771186506,22,-5.2,22,True,1012.2
1771186808,22,-5.3,22,True,1012.2
1771187108,22,-5.3,22,True,1012
1771187408,22.1,-5.3,22,True,1011.8
1771187708,22.1,-5.3,22,True,1011.7
1771188309,22.1,-5.3,22,True,1011.6
1771188612,22.1,-5.3,22,True,1011.6
1771188910,22.1,-5.3,22,True,1011.5
1771189213,22.1,-5.3,22,True,1011.4
1771189508,22.1,-5.3,21,False,1011.3
1771189807,22.1,-5.2,21,False,1011.4
1771190107,22.1,-5.2,21,False,1011.4
1771190408,22.1,-5,21,False,1011.3
1771190706,22.1,-5,21,False,1011.3
1771191007,22.1,-4.9,21,False,1011.2
1771191306,22.1,-4.9,21,False,1011
1771191609,22.1,-4.9,21,False,1011
1771191908,22.1,-4.9,21,False,1010.9
1771192207,22.1,-4.9,21,False,1010.8
1771192506,22.1,-4.9,21,False,1010.7
1771192813,22,-5,21,False,1010.5
1771193407,22,-5.1,21,False,1010.2
1771193707,22,-5.1,21,False,1010.1
1771194006,22,-5.2,21,False,1010
1771194307,22,-5.2,21,False,1010
1771194607,22,-5.2,21,False,1009.9
1771194908,22,-5.2,21,False,1009.8
1771195206,22,-5.3,21,False,1009.5
1771195510,21.9,-5.3,21,False,1009.4
1771195808,21.9,-5.4,21,False,1009.3
1771196108,21.9,-5.5,21,False,1009.1
1771196420,21.9,-5.5,21,False,1009.1
1771196707,21.9,-5.6,21,False,1009
1771197009,21.9,-5.6,21,False,1009
1771197309,21.9,-5.7,21,False,1008.9
1771197607,21.9,-5.8,21,False,1008.8
1771197910,21.8,-5.8,21,False,1008.5
1771198210,21.8,-5.9,21,False,1008.3
1771198506,21.8,-5.9,21,False,1008.3
1771198809,21.8,-6,21,False,1008
1771199109,21.8,-6,21,False,1007.9
1771199409,21.8,-6,21,False,1007.8
1771200018,21.8,-6,21,False,1007.7
1771200308,21.7,-6,22,True,1007.7
1771200607,21.7,-5.9,22,True,1007.7
1771200908,21.7,-5.9,22,True,1007.6
1771201208,21.7,-5.8,22,True,1007.5
1771201518,21.7,-5.8,22,True,1007.3
1771201811,21.7,-5.7,22,True,1007
1771202109,21.7,-5.6,22,True,1007
1771202707,21.7,-5.5,22,True,1007
1771203008,21.7,-5.3,22,True,1006.9
1771203308,21.6,-5.2,22,True,1006.7
1771203614,21.6,-5.2,22,True,1006.7
1771203907,21.6,-5,22,True,1006.6
1771204209,21.6,-5,22,True,1006.3
1771204507,21.6,-4.9,22,True,1006
1771204809,21.6,-4.9,22,True,1005.9
1771205106,21.6,-4.8,22,True,1005.8
1771205410,21.6,-4.7,22,True,1005.5
1771205706,21.6,-4.7,22,True,1005.4
1771206009,21.6,-4.6,22,True,1005.2
1771206306,21.6,-4.6,22,True,1005.1
1771206608,21.6,-4.5,22,True,1004.9
1771206907,21.6,-4.5,22,True,1004.9
1771207215,21.6,-4.4,22,True,1004.9
1771207507,21.6,-4.4,22,True,1004.9
1771207808,21.6,-4.4,22,True,1004.8
1771208107,21.6,-4.3,22,True,1004.8
1771208409,21.6,-4.3,22,True,1005
1771208709,21.6,-4.3,22,True,1005.1
1771209010,21.6,-4.3,22,True,1005.1
1771209307,21.6,-4.3,22,True,1005.1
1771209608,21.6,-4.3,22,True,1005
1771209909,21.6,-4.3,22,True,1004.9
1771210210,21.6,-4.3,22,True,1004.7
1771210507,21.6,-4.3,22,True,1004.5
1771211106,21.6,-4.3,22,True,1004.4
1771211408,21.6,-4.3,22,True,1004.3
1771211707,21.7,-4.3,22,True,1004
1771212008,21.7,-4.3,22,True,1003.9
1771212308,21.7,-4.3,22,True,1003.8
1771212609,21.7,-4.3,22,True,1003.8
1771212906,21.7,-4.3,22,True,1003.8
1771213209,21.7,-4.3,22,True,1003.7
1771213507,21.7,-4.4,22,True,1003.6
1771213810,21.7,-4.3,22,True,1003.5
1771214106,21.7,-4.4,22,True,1003.6
1771214414,21.7,-4.4,22,True,1003.5
1771214706,21.7,-4.4,22,True,1003.4
1771215009,21.7,-4.3,22,True,1003.4
1771215307,21.7,-4.4,22,True,1003.4
1771215609,21.7,-4.4,22,True,1003.3
1771215911,21.7,-4.3,22,True,1003.2
1771216207,21.7,-4.4,22,True,1003
1771216507,21.7,-4.3,22,True,1003.2
1771216812,21.7,-4.4,22,True,1003
1771217106,21.7,-4.4,22,True,1003
1771217408,21.7,-4.4,22,True,1002.9
1771217707,21.7,-4.4,22,True,1002.9
1771218014,21.7,-4.4,22,True,1002.8
1771218306,21.8,-4.4,22,True,1002.6
1771218610,21.8,-4.3,22,True,1002.5
1771218907,21.8,-4.3,22,True,1002.4
1771219207,21.8,-4.3,22,True,1002.3
1771219508,21.8,-4.3,22,True,1002.2
1771219810,21.8,-4.3,22,True,1002.2
1771220107,21.8,-4.3,22,True,1002.1
1771220407,21.8,-4.3,22,True,1002
1771220706,21.8,-4.3,22,True,1002
1771221007,21.8,-4.3,22,True,1001.9
1771221307,21.8,-4.3,22,True,1001.9
1771221613,21.8,-4.3,22,True,1001.9
1771221907,21.8,-4.3,22,True,1001.8
1771222211,21.9,-4.3,22,True,1001.9
1771222507,21.9,-4.3,22,True,1001.8
1771222809,21.9,-4.3,22,True,1001.8
1771223112,21.9,-4.3,22,True,1001.8
1771223408,21.9,-4.4,22,True,1001.8
1771223709,22,-4.4,22,True,1001.8
1771224010,22,-4.4,22,True,1001.7
1771224307,22,-4.4,22,True,1001.7
1771224608,22,-4.4,22,True,1001.6
1771224912,22,-4.3,22,True,1001.6
1771225211,22,-4.3,22,True,1001.5
1771225506,22,-4.3,22,True,1001.5
1771225809,22,-4.3,22,True,1001.5
1771226107,22,-4.2,22,True,1001.3
1771226411,22,-4.2,22,True,1001.2
1771226710,22,-4.2,22,True,1001.1
1771227009,22,-4.1,22,True,1001.2
1771227309,22,-4.1,22,True,1001
1771227608,22,-4,22,True,1001
1771227906,22,-4,22,True,1000.9
1771228507,22,-3.9,22,True,1000.9
1771228815,22,-3.9,22,True,1000.8
1771229110,22,-3.8,22,True,1000.8
1771229415,22,-3.7,22,True,1000.7
1771229707,22,-3.7,22,True,1000.8
1771230007,22.1,-3.7,22,True,1000.6
1771230307,22.1,-3.5,22,True,1000.6
1771230608,22.1,-3.4,22,True,1000.6
1771230909,22.1,-3.3,22,True,1000.6
1771231808,22.1,-3,22,True,1000.5
1771232111,22.1,-2.9,22,True,1000.5
1771232413,22.1,-2.8,22,True,1000.5
1771232707,22.1,-2.7,22,True,1000.4
1771233010,22.1,-2.7,22,True,1000.4
1771233307,22.1,-2.6,22,True,1000.3
1771233906,22.1,-2.4,22,True,1000.1
1771234207,22.2,-2.3,22,False,1000
1771234508,22.2,-2.2,22,False,1000
1771234807,22.2,-2.2,22,False,999.9
1771235108,22.2,-2,22,False,999.8
1771235407,22.2,-1.9,22,False,999.5
1771235714,22.2,-1.7,22,False,999.7
1771236015,22.2,-1.6,22,False,999.7
1771236308,22.2,-1.4,22,False,999.8
1771236609,22.2,-1.3,22,False,999.7
1771236907,22.2,-1.2,22,False,999.6
1771237207,22.2,-1.2,22,False,999.5
1771237507,22.1,-1.2,22,False,999.5
1771237811,22.1,-1.2,22,False,999.5
1771238106,22.1,-1.1,22,False,999.4
1771238414,22.2,-1,22,False,999.2
1771238710,22.1,-1,22,False,999.2
1771239008,22.1,-1,22,False,999.1
1771239307,22.1,-0.9,22,False,999
1771239907,22.1,-0.9,22,False,998.8
1771240208,22.1,-0.9,22,False,998.7
1771240506,22.1,-0.8,22,False,998.6
1771240813,22.1,-0.8,22,False,998.6
1771241108,22.1,-0.8,22,False,998.5
1771241407,22.1,-0.8,22,False,998.4
1771241707,22.1,-0.7,22,False,998.4
1771242006,22.1,-0.7,22,False,998.3
1771242307,22.1,-0.7,22,False,998.3
1771242609,22.1,-0.6,22,False,998.3
1771242907,22.1,-0.6,22,False,998.2
1771243213,22.1,-0.6,22,False,998.1
1771243506,22.1,-0.6,22,False,998.1
1771243808,22.1,-0.6,22,False,998.1
1771244112,22.2,-0.5,22,False,998.1
1771244407,22.2,-0.5,22,False,998.1
1771244707,22.1,-0.4,22,False,998
1771245306,22.1,-0.3,22,False,997.9
1771245612,22.1,-0.2,22,False,997.9
1771245907,22.1,-0.2,22,False,997.8
1771246211,22.1,-0.2,22,False,997.9
1771246507,22.1,-0.2,22,False,997.9
1771246812,22.1,-0.2,22,False,997.9
1771247107,22.1,-0.2,22,False,997.8
1771247412,22.1,-0.2,22,False,997.8
1771247707,22.1,-0.2,22,False,997.8
1771248008,22.1,-0.1,22,False,997.7
1771248306,22.1,0,22,False,997.6
1771248608,22.1,0.1,22,False,997.6
1771248908,22.1,0.1,22,False,997.6
1771249209,22,0.2,22,False,997.6
1771249513,22,0.2,22,False,997.6
1771249807,22,0.3,22,False,997.6
1771250108,22,0.3,22,False,997.6
1771250416,22,0.4,22,False,997.6
1771250709,22,0.4,22,False,997.6
1771251007,21.9,0.4,22,False,997.6
1771251306,22,0.4,22,False,997.6
1771251607,22,0.4,22,False,997.6
1771251908,22,0.4,22,False,997.5
1771252509,22,0.5,22,False,997.5
1771252809,22,0.4,22,False,997.5
1771253106,22,0.4,22,False,997.5
1771253407,22,0.4,22,False,997.5
1771253708,21.9,0.4,22,False,997.5
1771254308,21.9,0.4,22,False,997.5
1771254608,21.9,0.4,22,False,997.5
1771254910,21.9,0.4,22,False,997.5
1771255208,21.9,0.4,22,False,997.5
1771255511,21.9,0.4,22,False,997.4
1771255810,21.9,0.5,22,False,997.4
1771256114,21.9,0.5,22,False,997.3
1771256408,22,0.5,22,False,997.3
1771256707,22,0.6,22,False,997.2
1771257014,22,0.6,22,False,997.3
1771257309,22,0.6,22,False,997.3
1771257619,22,0.6,22,False,997.3
1771257907,22,0.6,22,False,997.3
1771258209,22,0.6,22,False,997.3
1771258507,22,0.6,22,False,997.4
1771258809,22,0.6,22,False,997.5
1771259106,22,0.6,22,False,997.4
1771259407,21.9,0.5,22,False,997.3
1771259706,21.9,0.5,22,False,997.3
1771260007,21.9,0.5,22,False,997.3
1771260312,21.9,0.5,22,False,997.4
1771260611,21.8,0.4,22,True,997.4
1771260908,21.8,0.3,22,True,997.4
1771261215,21.8,0.2,22,True,997.4
1771261510,21.8,0.2,22,True,997.3
1771261807,21.8,0,22,True,997.4
1771262107,21.8,-0.1,22,True,997.4
1771262410,21.8,-0.1,22,True,997.5
1771262706,21.8,-0.2,22,True,997.4
1771263024,21.8,-0.2,22,True,997.5
1771263307,21.8,-0.3,22,True,997.6
1771263611,21.8,-0.3,22,True,997.6
1771263911,21.7,-0.4,22,True,997.6
1771264208,21.8,-0.4,22,True,997.7
1771264512,21.8,-0.4,22,True,997.7
1771264820,21.7,-0.4,22,True,997.7
1771265108,21.7,-0.3,22,True,997.7
1771265408,21.7,-0.3,22,True,997.8
1771265706,21.7,-0.3,22,True,997.7
1771266011,21.7,-0.3,22,True,997.6
1771266307,21.7,-0.3,22,True,997.7
1771266606,21.7,-0.3,22,True,997.6
1771266907,21.7,-0.3,22,True,997.6
1771267207,21.7,-0.3,22,True,997.6
1771267807,21.7,-0.4,22,True,997.7
1771268106,21.7,-0.4,22,True,997.6
1771268709,21.7,-0.4,22,True,997.6
1771269008,21.7,-0.5,22,True,997.5
1771269306,21.7,-0.5,22,True,997.5
1771269610,21.7,-0.6,22,True,997.6
1771269907,21.7,-0.7,22,True,997.6
1771270208,21.8,-0.9,22,True,997.6
1771270507,21.7,-1,22,True,997.6
1771270807,21.8,-1.1,22,True,997.5
1771271106,21.8,-1.2,22,True,997.5
1771271408,21.8,-1.3,22,True,997.6
1771271706,21.8,-1.5,22,True,997.7
1771272012,21.8,-1.6,22,True,997.7
