"Home name",Long,Lat
Palackeho,15.421978,50.033354

,,"Product name","Product type",
,,"Venkovní Modul","Outdoor Module",

Timestamp,"Timezone : Europe/Prague","Temperature °C","Humidity %",
1767222900,"2026/01/01 00:15:00",1.5,86,
1767224700,"2026/01/01 00:45:00",1.6,85,
1767226500,"2026/01/01 01:15:00",1.7,85,
1767228300,"2026/01/01 01:45:00",1.8,85,
1767230100,"2026/01/01 02:15:00",1.8,85,
1767231900,"2026/01/01 02:45:00",1.8,85,
1767233700,"2026/01/01 03:15:00",1.7,86,
1767235500,"2026/01/01 03:45:00",1.7,85,
1767237300,"2026/01/01 04:15:00",1.6,86,
1767239100,"2026/01/01 04:45:00",1.6,87,
1767240900,"2026/01/01 05:15:00",1.7,87,
1767242700,"2026/01/01 05:45:00",1.5,88,
1767244500,"2026/01/01 06:15:00",1.3,87,
1767246300,"2026/01/01 06:45:00",1,86,
1767248100,"2026/01/01 07:15:00",1,86,
1767249900,"2026/01/01 07:45:00",1.3,85,
1767251700,"2026/01/01 08:15:00",1.4,84,
1767253500,"2026/01/01 08:45:00",1.6,83,
1767255300,"2026/01/01 09:15:00",1.7,83,
1767257100,"2026/01/01 09:45:00",1.7,82,
1767258900,"2026/01/01 10:15:00",1.9,81,
1767260700,"2026/01/01 10:45:00",2,81,
1767262500,"2026/01/01 11:15:00",2.1,80,
1767264300,"2026/01/01 11:45:00",2.2,77,
1767266100,"2026/01/01 12:15:00",2.3,76,
1767267900,"2026/01/01 12:45:00",2.3,75,
1767269700,"2026/01/01 13:15:00",2.3,74,
1767271500,"2026/01/01 13:45:00",2.4,73,
1767273300,"2026/01/01 14:15:00",2.2,72,
1767275100,"2026/01/01 14:45:00",1.9,72,
1767276900,"2026/01/01 15:15:00",1.7,74,
1767278700,"2026/01/01 15:45:00",1.5,74,
1767280500,"2026/01/01 16:15:00",1.4,75,
1767282300,"2026/01/01 16:45:00",1.5,76,
1767284100,"2026/01/01 17:15:00",1.4,76,
1767285900,"2026/01/01 17:45:00",1.4,77,
1767287700,"2026/01/01 18:15:00",1.5,77,
1767289500,"2026/01/01 18:45:00",1.5,77,
1767291300,"2026/01/01 19:15:00",1.4,78,
1767293100,"2026/01/01 19:45:00",1.3,78,
1767294900,"2026/01/01 20:15:00",1.4,78,
1767296700,"2026/01/01 20:45:00",1.4,78,
1767298500,"2026/01/01 21:15:00",1.4,79,
1767300300,"2026/01/01 21:45:00",1.4,79,
1767302100,"2026/01/01 22:15:00",1.4,78,
1767303900,"2026/01/01 22:45:00",1.4,78,
1767305700,"2026/01/01 23:15:00",1.3,78,
1767307500,"2026/01/01 23:45:00",1.2,79,
1767309300,"2026/01/02 00:15:00",1.2,79,
1767311100,"2026/01/02 00:45:00",1.2,79,
1767312900,"2026/01/02 01:15:00",1.2,79,
1767314700,"2026/01/02 01:45:00",1.4,79,
1767316500,"2026/01/02 02:15:00",1.4,78,
1767318300,"2026/01/02 02:45:00",1.4,78,
1767320100,"2026/01/02 03:15:00",1.4,78,
1767321900,"2026/01/02 03:45:00",1.5,78,
1767323700,"2026/01/02 04:15:00",1.5,78,
1767325500,"2026/01/02 04:45:00",1.6,78,
1767327300,"2026/01/02 05:15:00",1.6,78,
1767329100,"2026/01/02 05:45:00",1.6,77,
1767330900,"2026/01/02 06:15:00",1.6,77,
1767332700,"2026/01/02 06:45:00",1.6,78,
1767334500,"2026/01/02 07:15:00",1.6,78,
1767336300,"2026/01/02 07:45:00",1.5,78,
1767338100,"2026/01/02 08:15:00",1.5,78,
1767339900,"2026/01/02 08:45:00",1.5,78,
1767341700,"2026/01/02 09:15:00",1.7,78,
1767343500,"2026/01/02 09:45:00",2,78,
1767345300,"2026/01/02 10:15:00",2.3,78,
1767347100,"2026/01/02 10:45:00",2.7,77,
1767348900,"2026/01/02 11:15:00",2.9,77,
1767350700,"2026/01/02 11:45:00",3.1,76,
1767352500,"2026/01/02 12:15:00",3.3,74,
1767354300,"2026/01/02 12:45:00",3.5,72,
1767356100,"2026/01/02 13:15:00",3.4,72,
1767357900,"2026/01/02 13:45:00",3.4,70,
1767359700,"2026/01/02 14:15:00",3.2,68,
1767361500,"2026/01/02 14:45:00",2.9,68,
1767363300,"2026/01/02 15:15:00",2.4,68,
1767365100,"2026/01/02 15:45:00",2.3,69,
1767366900,"2026/01/02 16:15:00",2,69,
1767368700,"2026/01/02 16:45:00",2,70,
1767370500,"2026/01/02 17:15:00",1.7,70,
1767372300,"2026/01/02 17:45:00",1.1,71,
1767374100,"2026/01/02 18:15:00",0.9,72,
1767375900,"2026/01/02 18:45:00",0.8,74,
1767377700,"2026/01/02 19:15:00",0.9,75,
1767379500,"2026/01/02 19:45:00",0.5,77,
1767381300,"2026/01/02 20:15:00",0.2,80,
1767383100,"2026/01/02 20:45:00",0.3,79,
1767384900,"2026/01/02 21:15:00",0.3,79,
1767386700,"2026/01/02 21:45:00",0.1,79,
1767388500,"2026/01/02 22:15:00",-0.2,79,
1767390300,"2026/01/02 22:45:00",0,79,
1767392100,"2026/01/02 23:15:00",0.1,77,
1767393900,"2026/01/02 23:45:00",-0.2,77,
1767395700,"2026/01/03 00:15:00",-0.5,78,
1767397500,"2026/01/03 00:45:00",-0.6,77,
1767399300,"2026/01/03 01:15:00",-0.8,77,
1767401100,"2026/01/03 01:45:00",-0.9,77,
1767402900,"2026/01/03 02:15:00",-0.7,77,
1767404700,"2026/01/03 02:45:00",-0.6,75,
1767406500,"2026/01/03 03:15:00",-0.4,75,
1767408300,"2026/01/03 03:45:00",-0.3,75,
1767410100,"2026/01/03 04:15:00",0,75,
1767411900,"2026/01/03 04:45:00",0,74,
1767413700,"2026/01/03 05:15:00",-0.4,76,
1767415500,"2026/01/03 05:45:00",-0.4,78,
1767417300,"2026/01/03 06:15:00",-0.5,82,
1767419100,"2026/01/03 06:45:00",-0.9,85,
1767420900,"2026/01/03 07:15:00",-1,86,
1767422700,"2026/01/03 07:45:00",-1.2,86,
1767424500,"2026/01/03 08:15:00",-1.6,87,
1767426300,"2026/01/03 08:45:00",-1.9,86,
1767428100,"2026/01/03 09:15:00",-1.6,85,
1767429900,"2026/01/03 09:45:00",-0.8,83,
1767431700,"2026/01/03 10:15:00",0,80,
1767433500,"2026/01/03 10:45:00",0.7,76,
1767435300,"2026/01/03 11:15:00",0.9,74,
1767437100,"2026/01/03 11:45:00",1.3,73,
1767438900,"2026/01/03 12:15:00",2,71,
1767440700,"2026/01/03 12:45:00",2.3,68,
1767442500,"2026/01/03 13:15:00",2.5,67,
1767444300,"2026/01/03 13:45:00",2.5,65,
1767446100,"2026/01/03 14:15:00",2.4,63,
1767447900,"2026/01/03 14:45:00",2.2,63,
1767449700,"2026/01/03 15:15:00",1.9,64,
1767451500,"2026/01/03 15:45:00",1.5,64,
1767453300,"2026/01/03 16:15:00",1.1,66,
1767455100,"2026/01/03 16:45:00",0.8,66,
1767456900,"2026/01/03 17:15:00",0,67,
1767458700,"2026/01/03 17:45:00",-0.7,68,
1767460500,"2026/01/03 18:15:00",-1.1,69,
1767462300,"2026/01/03 18:45:00",-1.5,70,
1767464100,"2026/01/03 19:15:00",-1.6,71,
1767465900,"2026/01/03 19:45:00",-1.2,71,
1767467700,"2026/01/03 20:15:00",-0.9,70,
1767469500,"2026/01/03 20:45:00",-1,69,
1767471300,"2026/01/03 21:15:00",-1.1,70,
1767473100,"2026/01/03 21:45:00",-1.4,71,
1767474900,"2026/01/03 22:15:00",-1.4,72,
1767476700,"2026/01/03 22:45:00",-1.3,73,
1767478500,"2026/01/03 23:15:00",-1,72,
1767480300,"2026/01/03 23:45:00",-0.7,73,
1767482100,"2026/01/04 00:15:00",-0.8,72,
1767483900,"2026/01/04 00:45:00",-1,73,
1767485700,"2026/01/04 01:15:00",-1.1,73,
1767487500,"2026/01/04 01:45:00",-1.4,75,
1767489300,"2026/01/04 02:15:00",-1.8,75,
1767491100,"2026/01/04 02:45:00",-2.3,77,
1767492900,"2026/01/04 03:15:00",-2.5,78,
1767494700,"2026/01/04 03:45:00",-2.6,78,
1767496500,"2026/01/04 04:15:00",-2.4,77,
1767498300,"2026/01/04 04:45:00",-2.3,77,
1767500100,"2026/01/04 05:15:00",-1.9,76,
1767501900,"2026/01/04 05:45:00",-1.4,74,
1767503700,"2026/01/04 06:15:00",-1.2,74,
1767505500,"2026/01/04 06:45:00",-1,73,
1767507300,"2026/01/04 07:15:00",-1,73,
1767509100,"2026/01/04 07:45:00",-0.9,73,
1767510900,"2026/01/04 08:15:00",-0.8,72,
1767512700,"2026/01/04 08:45:00",-0.8,72,
1767514500,"2026/01/04 09:15:00",-0.7,72,
1767516300,"2026/01/04 09:45:00",-0.6,73,
1767518100,"2026/01/04 10:15:00",-0.3,73,
1767519900,"2026/01/04 10:45:00",-0.1,72,
1767521700,"2026/01/04 11:15:00",0.3,71,
1767523500,"2026/01/04 11:45:00",0.6,70,
1767525300,"2026/01/04 12:15:00",1,69,
1767527100,"2026/01/04 12:45:00",1.1,68,
1767528900,"2026/01/04 13:15:00",1.3,68,
1767530700,"2026/01/04 13:45:00",1.7,67,
1767532500,"2026/01/04 14:15:00",1.7,67,
1767534300,"2026/01/04 14:45:00",1.8,66,
1767536100,"2026/01/04 15:15:00",1.9,65,
1767537900,"2026/01/04 15:45:00",1.7,66,
1767539700,"2026/01/04 16:15:00",1.2,68,
1767541500,"2026/01/04 16:45:00",0.2,69,
1767543300,"2026/01/04 17:15:00",-0.6,71,
1767545100,"2026/01/04 17:45:00",-1.2,72,
1767546900,"2026/01/04 18:15:00",-1.5,75,
1767548700,"2026/01/04 18:45:00",-1.3,75,
1767550500,"2026/01/04 19:15:00",-0.9,74,
1767552300,"2026/01/04 19:45:00",-0.8,72,
1767554100,"2026/01/04 20:15:00",-0.6,71,
1767555900,"2026/01/04 20:45:00",-0.5,71,
1767557700,"2026/01/04 21:15:00",-0.4,69,
1767559500,"2026/01/04 21:45:00",-0.5,69,
1767561300,"2026/01/04 22:15:00",-0.8,70,
1767563100,"2026/01/04 22:45:00",-1.5,71,
1767564900,"2026/01/04 23:15:00",-2.3,72,
1767566700,"2026/01/04 23:45:00",-2.7,74,
1767568500,"2026/01/05 00:15:00",-3.1,74,
1767570300,"2026/01/05 00:45:00",-3.3,75,
1767572100,"2026/01/05 01:15:00",-3.5,75,
1767573900,"2026/01/05 01:45:00",-3.8,75,
1767575700,"2026/01/05 02:15:00",-4.1,75,
1767577500,"2026/01/05 02:45:00",-4.3,76,
1767579300,"2026/01/05 03:15:00",-4.6,76,
1767581100,"2026/01/05 03:45:00",-4.9,77,
1767582900,"2026/01/05 04:15:00",-5.2,77,
1767584700,"2026/01/05 04:45:00",-5.6,78,
1767586500,"2026/01/05 05:15:00",-5.9,79,
1767588300,"2026/01/05 05:45:00",-5.8,79,
1767590100,"2026/01/05 06:15:00",-6.3,79,
1767591900,"2026/01/05 06:45:00",-6.9,80,
1767593700,"2026/01/05 07:15:00",-7.6,81,
1767595500,"2026/01/05 07:45:00",-8.2,82,
1767597300,"2026/01/05 08:15:00",-8.6,83,
1767599100,"2026/01/05 08:45:00",-8.9,83,
1767600900,"2026/01/05 09:15:00",-9,84,
1767602700,"2026/01/05 09:45:00",-8.8,86,
1767604500,"2026/01/05 10:15:00",-8.3,87,
1767606300,"2026/01/05 10:45:00",-7.4,87,
1767608100,"2026/01/05 11:15:00",-6.4,85,
1767609900,"2026/01/05 11:45:00",-5.5,83,
1767611700,"2026/01/05 12:15:00",-4.8,80,
1767613500,"2026/01/05 12:45:00",-4.2,78,
1767615300,"2026/01/05 13:15:00",-3.8,77,
1767617100,"2026/01/05 13:45:00",-3.5,76,
1767618900,"2026/01/05 14:15:00",-3.4,76,
1767620700,"2026/01/05 14:45:00",-3,76,
1767622500,"2026/01/05 15:15:00",-2.5,74,
1767624300,"2026/01/05 15:45:00",-2.4,73,
1767626100,"2026/01/05 16:15:00",-2.6,74,
1767627900,"2026/01/05 16:45:00",-2.8,74,
1767629700,"2026/01/05 17:15:00",-3,75,
1767631500,"2026/01/05 17:45:00",-3.3,76,
1767633300,"2026/01/05 18:15:00",-4,77,
1767635100,"2026/01/05 18:45:00",-5,78,
1767636900,"2026/01/05 19:15:00",-5.8,79,
1767638700,"2026/01/05 19:45:00",-6.5,81,
1767640500,"2026/01/05 20:15:00",-6.5,83,
1767642300,"2026/01/05 20:45:00",-6.5,84,
1767644100,"2026/01/05 21:15:00",-6.1,85,
1767645900,"2026/01/05 21:45:00",-5.8,85,
1767647700,"2026/01/05 22:15:00",-5.5,85,
1767649500,"2026/01/05 22:45:00",-5.3,85,
1767651300,"2026/01/05 23:15:00",-5.1,85,
1767653100,"2026/01/05 23:45:00",-4.9,84,
1767654900,"2026/01/06 00:15:00",-4.8,85,
1767656700,"2026/01/06 00:45:00",-4.7,85,
1767658500,"2026/01/06 01:15:00",-4.7,83,
1767660300,"2026/01/06 01:45:00",-4.7,81,
1767662100,"2026/01/06 02:15:00",-4.6,83,
1767663900,"2026/01/06 02:45:00",-4.5,83,
1767665700,"2026/01/06 03:15:00",-4.7,83,
1767667500,"2026/01/06 03:45:00",-5.4,80,
1767669300,"2026/01/06 04:15:00",-5.9,79,
1767671100,"2026/01/06 04:45:00",-6.3,80,
1767672900,"2026/01/06 05:15:00",-6.9,80,
1767674700,"2026/01/06 05:45:00",-7.6,81,
1767676500,"2026/01/06 06:15:00",-8,82,
1767678300,"2026/01/06 06:45:00",-8.5,82,
1767680100,"2026/01/06 07:15:00",-9,82,
1767681900,"2026/01/06 07:45:00",-9.5,83,
1767683700,"2026/01/06 08:15:00",-10,83,
1767685500,"2026/01/06 08:45:00",-10.2,84,
1767687300,"2026/01/06 09:15:00",-10.2,85,
1767689100,"2026/01/06 09:45:00",-9.6,88,
1767690900,"2026/01/06 10:15:00",-8.8,88,
1767692700,"2026/01/06 10:45:00",-7.5,89,
1767694500,"2026/01/06 11:15:00",-6,88,
1767696300,"2026/01/06 11:45:00",-4.3,83,
1767698100,"2026/01/06 12:15:00",-3.2,77,
1767699900,"2026/01/06 12:45:00",-2.6,74,
1767701700,"2026/01/06 13:15:00",-2.4,73,
1767703500,"2026/01/06 13:45:00",-2.3,72,
1767705300,"2026/01/06 14:15:00",-2.3,72,
1767707100,"2026/01/06 14:45:00",-2.5,72,
1767708900,"2026/01/06 15:15:00",-2.8,73,
1767710700,"2026/01/06 15:45:00",-3.3,74,
1767712500,"2026/01/06 16:15:00",-4.1,76,
1767714300,"2026/01/06 16:45:00",-4.9,78,
1767716100,"2026/01/06 17:15:00",-5.2,80,
1767717900,"2026/01/06 17:45:00",-5.1,81,
1767719700,"2026/01/06 18:15:00",-4.9,81,
1767721500,"2026/01/06 18:45:00",-4.9,81,
1767723300,"2026/01/06 19:15:00",-4.9,80,
1767725100,"2026/01/06 19:45:00",-4.8,80,
1767726900,"2026/01/06 20:15:00",-4.8,79,
1767728700,"2026/01/06 20:45:00",-4.9,80,
1767730500,"2026/01/06 21:15:00",-4.7,80,
1767732300,"2026/01/06 21:45:00",-4.8,81,
1767734100,"2026/01/06 22:15:00",-4.9,81,
1767735900,"2026/01/06 22:45:00",-5,82,
1767737700,"2026/01/06 23:15:00",-4.9,83,
1767739500,"2026/01/06 23:45:00",-4.8,83,
1767741300,"2026/01/07 00:15:00",-4.7,83,
1767743100,"2026/01/07 00:45:00",-4.6,82,
1767744900,"2026/01/07 01:15:00",-4.5,82,
1767746700,"2026/01/07 01:45:00",-4.5,82,
1767748500,"2026/01/07 02:15:00",-4.5,82,
1767750300,"2026/01/07 02:45:00",-4.5,83,
1767752100,"2026/01/07 03:15:00",-4.7,83,
1767753900,"2026/01/07 03:45:00",-4.8,84,
1767755700,"2026/01/07 04:15:00",-4.9,84,
1767757500,"2026/01/07 04:45:00",-4.9,84,
1767759300,"2026/01/07 05:15:00",-5,84,
1767761100,"2026/01/07 05:45:00",-5,85,
1767762900,"2026/01/07 06:15:00",-5,85,
1767764700,"2026/01/07 06:45:00",-4.9,85,
1767766500,"2026/01/07 07:15:00",-5,85,
1767768300,"2026/01/07 07:45:00",-5.5,85,
1767770100,"2026/01/07 08:15:00",-5.9,86,
1767771900,"2026/01/07 08:45:00",-5.9,87,
1767773700,"2026/01/07 09:15:00",-5.6,87,
1767775500,"2026/01/07 09:45:00",-5.2,87,
1767777300,"2026/01/07 10:15:00",-5,86,
1767779100,"2026/01/07 10:45:00",-5.1,86,
1767780900,"2026/01/07 11:15:00",-4.9,86,
1767782700,"2026/01/07 11:45:00",-4.7,86,
1767784500,"2026/01/07 12:15:00",-4.3,86,
1767786300,"2026/01/07 12:45:00",-3.5,84,
1767788100,"2026/01/07 13:15:00",-2.8,82,
1767789900,"2026/01/07 13:45:00",-2.4,80,
1767791700,"2026/01/07 14:15:00",-2.1,78,
1767793500,"2026/01/07 14:45:00",-2.2,77,
1767795300,"2026/01/07 15:15:00",-2.3,76,
1767797100,"2026/01/07 15:45:00",-2.5,75,
1767798900,"2026/01/07 16:15:00",-2.7,75,
1767800700,"2026/01/07 16:45:00",-3,76,
1767802500,"2026/01/07 17:15:00",-3.3,78,
1767804300,"2026/01/07 17:45:00",-3.4,78,
1767806100,"2026/01/07 18:15:00",-3.4,78,
1767807900,"2026/01/07 18:45:00",-3.6,78,
1767809700,"2026/01/07 19:15:00",-3.7,78,
1767811500,"2026/01/07 19:45:00",-3.7,79,
1767813300,"2026/01/07 20:15:00",-3.7,79,
1767815100,"2026/01/07 20:45:00",-3.9,79,
1767816900,"2026/01/07 21:15:00",-4.1,78,
1767818700,"2026/01/07 21:45:00",-4.3,79,
1767820500,"2026/01/07 22:15:00",-4.5,79,
1767822300,"2026/01/07 22:45:00",-4.5,80,
1767824100,"2026/01/07 23:15:00",-4.4,80,
1767825900,"2026/01/07 23:45:00",-4.4,80,
1767827700,"2026/01/08 00:15:00",-4.6,77,
1767829500,"2026/01/08 00:45:00",-5,75,
1767831300,"2026/01/08 01:15:00",-5.5,76,
1767833100,"2026/01/08 01:45:00",-5.9,76,
1767834900,"2026/01/08 02:15:00",-6.3,76,
1767836700,"2026/01/08 02:45:00",-6.6,77,
1767838500,"2026/01/08 03:15:00",-6.7,79,
1767840300,"2026/01/08 03:45:00",-6.7,79,
1767842100,"2026/01/08 04:15:00",-7.3,80,
1767843900,"2026/01/08 04:45:00",-7.7,81,
1767845700,"2026/01/08 05:15:00",-8.3,81,
1767847500,"2026/01/08 05:45:00",-8.7,82,
1767849300,"2026/01/08 06:15:00",-9,82,
1767851100,"2026/01/08 06:45:00",-9.6,82,
1767852900,"2026/01/08 07:15:00",-10.2,82,
1767854700,"2026/01/08 07:45:00",-10.6,83,
1767856500,"2026/01/08 08:15:00",-10.9,84,
1767858300,"2026/01/08 08:45:00",-11.1,84,
1767860100,"2026/01/08 09:15:00",-11.1,85,
1767861900,"2026/01/08 09:45:00",-10.8,86,
1767863700,"2026/01/08 10:15:00",-10.1,87,
1767865500,"2026/01/08 10:45:00",-9.1,89,
1767867300,"2026/01/08 11:15:00",-8,89,
1767869100,"2026/01/08 11:45:00",-6.9,88,
1767870900,"2026/01/08 12:15:00",-5.8,85,
1767872700,"2026/01/08 12:45:00",-4.4,80,
1767874500,"2026/01/08 13:15:00",-3.3,76,
1767876300,"2026/01/08 13:45:00",-2.8,73,
1767878100,"2026/01/08 14:15:00",-2.7,73,
1767879900,"2026/01/08 14:45:00",-2.6,74,
1767881700,"2026/01/08 15:15:00",-2.4,73,
1767883500,"2026/01/08 15:45:00",-2.6,74,
1767885300,"2026/01/08 16:15:00",-2.8,74,
1767887100,"2026/01/08 16:45:00",-3,74,
1767888900,"2026/01/08 17:15:00",-3.2,75,
1767890700,"2026/01/08 17:45:00",-3.3,75,
1767892500,"2026/01/08 18:15:00",-3.3,76,
1767894300,"2026/01/08 18:45:00",-3.4,76,
1767896100,"2026/01/08 19:15:00",-3.4,77,
1767897900,"2026/01/08 19:45:00",-3.6,77,
1767899700,"2026/01/08 20:15:00",-3.7,78,
1767901500,"2026/01/08 20:45:00",-3.7,78,
1767903300,"2026/01/08 21:15:00",-3.7,78,
1767905100,"2026/01/08 21:45:00",-3.7,79,
1767906900,"2026/01/08 22:15:00",-3.6,79,
1767908700,"2026/01/08 22:45:00",-3.5,79,
1767910500,"2026/01/08 23:15:00",-3.5,79,
1767912300,"2026/01/08 23:45:00",-3.5,79,
1767914100,"2026/01/09 00:15:00",-3.5,79,
1767915900,"2026/01/09 00:45:00",-3.6,80,
1767917700,"2026/01/09 01:15:00",-3.8,80,
1767919500,"2026/01/09 01:45:00",-3.9,80,
1767921300,"2026/01/09 02:15:00",-4.1,81,
1767923100,"2026/01/09 02:45:00",-4.1,81,
1767924900,"2026/01/09 03:15:00",-4.3,81,
1767926700,"2026/01/09 03:45:00",-4.4,82,
1767928500,"2026/01/09 04:15:00",-4.4,82,
1767930300,"2026/01/09 04:45:00",-4.3,83,
1767932100,"2026/01/09 05:15:00",-4.4,83,
1767933900,"2026/01/09 05:45:00",-4.3,84,
1767935700,"2026/01/09 06:15:00",-4.1,85,
1767937500,"2026/01/09 06:45:00",-4,85,
1767939300,"2026/01/09 07:15:00",-3.9,85,
1767941100,"2026/01/09 07:45:00",-3.7,85,
1767942900,"2026/01/09 08:15:00",-3.5,85,
1767944700,"2026/01/09 08:45:00",-3.3,85,
1767946500,"2026/01/09 09:15:00",-3.1,84,
1767948300,"2026/01/09 09:45:00",-2.9,85,
1767950100,"2026/01/09 10:15:00",-2.8,84,
1767951900,"2026/01/09 10:45:00",-2.8,84,
1767953700,"2026/01/09 11:15:00",-2.6,85,
1767955500,"2026/01/09 11:45:00",-2.4,86,
1767957300,"2026/01/09 12:15:00",-2.4,86,
1767959100,"2026/01/09 12:45:00",-2.5,85,
1767960900,"2026/01/09 13:15:00",-2.6,85,
1767962700,"2026/01/09 13:45:00",-2.6,85,
1767964500,"2026/01/09 14:15:00",-2.7,84,
1767966300,"2026/01/09 14:45:00",-2.7,84,
1767968100,"2026/01/09 15:15:00",-2.8,85,
1767969900,"2026/01/09 15:45:00",-2.8,86,
1767971700,"2026/01/09 16:15:00",-2.9,87,
1767973500,"2026/01/09 16:45:00",-2.8,87,
1767975300,"2026/01/09 17:15:00",-2.9,87,
1767977100,"2026/01/09 17:45:00",-2.8,88,
1767978900,"2026/01/09 18:15:00",-2.8,88,
1767980700,"2026/01/09 18:45:00",-2.7,88,
1767982500,"2026/01/09 19:15:00",-2.7,88,
1767984300,"2026/01/09 19:45:00",-2.5,88,
1767986100,"2026/01/09 20:15:00",-2.4,88,
1767987900,"2026/01/09 20:45:00",-2.4,88,
1767989700,"2026/01/09 21:15:00",-2.3,86,
1767991500,"2026/01/09 21:45:00",-2.3,86,
1767993300,"2026/01/09 22:15:00",-2.3,86,
1767995100,"2026/01/09 22:45:00",-2.3,85,
1767996900,"2026/01/09 23:15:00",-2.3,84,
1767998700,"2026/01/09 23:45:00",-2.2,85,
1768000500,"2026/01/10 00:15:00",-2.3,86,
1768002300,"2026/01/10 00:45:00",-2.4,87,
1768004100,"2026/01/10 01:15:00",-2.4,87,
1768005900,"2026/01/10 01:45:00",-2.6,87,
1768007700,"2026/01/10 02:15:00",-2.6,88,
1768009500,"2026/01/10 02:45:00",-2.5,88,
1768011300,"2026/01/10 03:15:00",-2.5,88,
1768013100,"2026/01/10 03:45:00",-2.5,88,
1768014900,"2026/01/10 04:15:00",-2.4,88,
1768016700,"2026/01/10 04:45:00",-2.4,88,
1768018500,"2026/01/10 05:15:00",-2.4,88,
1768020300,"2026/01/10 05:45:00",-2.5,88,
1768022100,"2026/01/10 06:15:00",-2.7,89,
1768023900,"2026/01/10 06:45:00",-2.7,89,
1768025700,"2026/01/10 07:15:00",-2.8,89,
1768027500,"2026/01/10 07:45:00",-2.9,89,
1768029300,"2026/01/10 08:15:00",-3.4,88,
1768031100,"2026/01/10 08:45:00",-4.1,87,
1768032900,"2026/01/10 09:15:00",-4.5,86,
1768034700,"2026/01/10 09:45:00",-4.7,85,
1768036500,"2026/01/10 10:15:00",-4.8,84,
1768038300,"2026/01/10 10:45:00",-5.1,83,
1768040100,"2026/01/10 11:15:00",-5.1,84,
1768041900,"2026/01/10 11:45:00",-4.8,81,
1768043700,"2026/01/10 12:15:00",-4.6,79,
1768045500,"2026/01/10 12:45:00",-4.4,77,
1768047300,"2026/01/10 13:15:00",-4.1,76,
1768049100,"2026/01/10 13:45:00",-4,74,
1768050900,"2026/01/10 14:15:00",-3.8,73,
1768052700,"2026/01/10 14:45:00",-3.8,72,
1768054500,"2026/01/10 15:15:00",-4.2,72,
1768056300,"2026/01/10 15:45:00",-4.7,72,
1768058100,"2026/01/10 16:15:00",-5.6,73,
1768059900,"2026/01/10 16:45:00",-6.7,75,
1768061700,"2026/01/10 17:15:00",-7.4,78,
1768063500,"2026/01/10 17:45:00",-7.6,79,
1768065300,"2026/01/10 18:15:00",-8.1,78,
1768067100,"2026/01/10 18:45:00",-8.8,79,
1768068900,"2026/01/10 19:15:00",-9.5,80,
1768070700,"2026/01/10 19:45:00",-10.1,82,
1768072500,"2026/01/10 20:15:00",-10.2,83,
1768074300,"2026/01/10 20:45:00",-10,84,
1768076100,"2026/01/10 21:15:00",-9.5,86,
1768077900,"2026/01/10 21:45:00",-9.2,85,
1768079700,"2026/01/10 22:15:00",-8.7,85,
1768081500,"2026/01/10 22:45:00",-8.3,84,
1768083300,"2026/01/10 23:15:00",-8.2,84,
1768085100,"2026/01/10 23:45:00",-7.8,86,
1768086900,"2026/01/11 00:15:00",-7.3,86,
1768088700,"2026/01/11 00:45:00",-7.3,85,
1768090500,"2026/01/11 01:15:00",-7.1,87,
1768092300,"2026/01/11 01:45:00",-6.6,87,
1768094100,"2026/01/11 02:15:00",-6.1,87,
1768095900,"2026/01/11 02:45:00",-5.6,87,
1768097700,"2026/01/11 03:15:00",-5.3,87,
1768099500,"2026/01/11 03:45:00",-5.1,87,
1768101300,"2026/01/11 04:15:00",-4.8,87,
1768103100,"2026/01/11 04:45:00",-4.6,87,
1768104900,"2026/01/11 05:15:00",-4.4,87,
1768106700,"2026/01/11 05:45:00",-4.4,85,
1768108500,"2026/01/11 06:15:00",-4.5,85,
1768110300,"2026/01/11 06:45:00",-4.8,83,
1768112100,"2026/01/11 07:15:00",-5.1,85,
1768113900,"2026/01/11 07:45:00",-5,85,
1768115700,"2026/01/11 08:15:00",-5,84,
1768117500,"2026/01/11 08:45:00",-5.3,83,
1768119300,"2026/01/11 09:15:00",-5.7,82,
1768121100,"2026/01/11 09:45:00",-6,82,
1768122900,"2026/01/11 10:15:00",-5.9,82,
1768124700,"2026/01/11 10:45:00",-5.4,81,
1768126500,"2026/01/11 11:15:00",-5,79,
1768128300,"2026/01/11 11:45:00",-4.2,76,
1768130100,"2026/01/11 12:15:00",-3.3,72,
1768131900,"2026/01/11 12:45:00",-3,70,
1768133700,"2026/01/11 13:15:00",-2.8,69,
1768135500,"2026/01/11 13:45:00",-2.8,67,
1768137300,"2026/01/11 14:15:00",-3.1,66,
1768139100,"2026/01/11 14:45:00",-3.3,66,
1768140900,"2026/01/11 15:15:00",-3.7,65,
1768142700,"2026/01/11 15:45:00",-4.1,65,
1768144500,"2026/01/11 16:15:00",-4.4,65,
1768146300,"2026/01/11 16:45:00",-4.8,66,
1768148100,"2026/01/11 17:15:00",-5.3,67,
1768149900,"2026/01/11 17:45:00",-5.6,68,
1768151700,"2026/01/11 18:15:00",-6,67,
1768153500,"2026/01/11 18:45:00",-6.3,68,
1768155300,"2026/01/11 19:15:00",-6.5,67,
1768157100,"2026/01/11 19:45:00",-6.6,65,
1768158900,"2026/01/11 20:15:00",-6.8,65,
1768160700,"2026/01/11 20:45:00",-7.2,65,
1768162500,"2026/01/11 21:15:00",-7.4,64,
1768164300,"2026/01/11 21:45:00",-7.8,65,
1768166100,"2026/01/11 22:15:00",-8,66,
1768167900,"2026/01/11 22:45:00",-8,67,
1768169700,"2026/01/11 23:15:00",-8,69,
1768171500,"2026/01/11 23:45:00",-8,70,
1768173300,"2026/01/12 00:15:00",-8.1,71,
1768175100,"2026/01/12 00:45:00",-8.5,73,
1768176900,"2026/01/12 01:15:00",-8.7,75,
1768178700,"2026/01/12 01:45:00",-9.1,77,
1768180500,"2026/01/12 02:15:00",-9.6,77,
1768182300,"2026/01/12 02:45:00",-10.3,76,
1768184100,"2026/01/12 03:15:00",-11.2,77,
1768185900,"2026/01/12 03:45:00",-12,78,
1768187700,"2026/01/12 04:15:00",-12.6,79,
1768189500,"2026/01/12 04:45:00",-13.1,80,
1768191300,"2026/01/12 05:15:00",-13.6,80,
1768193100,"2026/01/12 05:45:00",-14,80,
1768194900,"2026/01/12 06:15:00",-14.3,81,
1768196700,"2026/01/12 06:45:00",-14.5,81,
1768198500,"2026/01/12 07:15:00",-14.9,81,
1768200300,"2026/01/12 07:45:00",-15,81,
1768202100,"2026/01/12 08:15:00",-15,81,
1768203900,"2026/01/12 08:45:00",-14.8,81,
1768205700,"2026/01/12 09:15:00",-14,83,
1768207500,"2026/01/12 09:45:00",-12.6,84,
1768209300,"2026/01/12 10:15:00",-11.3,84,
1768211100,"2026/01/12 10:45:00",-9.9,83,
1768212900,"2026/01/12 11:15:00",-8.7,81,
1768214700,"2026/01/12 11:45:00",-7.9,79,
1768216500,"2026/01/12 12:15:00",-7.4,77,
1768218300,"2026/01/12 12:45:00",-6.8,76,
1768220100,"2026/01/12 13:15:00",-6.1,75,
1768221900,"2026/01/12 13:45:00",-5.6,74,
1768223700,"2026/01/12 14:15:00",-5.3,73,
1768225500,"2026/01/12 14:45:00",-5.1,73,
1768227300,"2026/01/12 15:15:00",-5.1,73,
1768229100,"2026/01/12 15:45:00",-5.1,74,
1768230900,"2026/01/12 16:15:00",-5.1,75,
1768232700,"2026/01/12 16:45:00",-5.2,77,
1768234500,"2026/01/12 17:15:00",-5.4,79,
1768236300,"2026/01/12 17:45:00",-5.4,79,
1768238100,"2026/01/12 18:15:00",-5.4,81,
1768239900,"2026/01/12 18:45:00",-5.3,82,
1768241700,"2026/01/12 19:15:00",-5.3,84,
1768243500,"2026/01/12 19:45:00",-5.2,85,
1768245300,"2026/01/12 20:15:00",-5.1,86,
1768247100,"2026/01/12 20:45:00",-4.9,86,
1768248900,"2026/01/12 21:15:00",-4.7,87,
1768250700,"2026/01/12 21:45:00",-4.5,87,
1768252500,"2026/01/12 22:15:00",-4.3,88,
1768254300,"2026/01/12 22:45:00",-4.2,88,
1768256100,"2026/01/12 23:15:00",-4,89,
1768257900,"2026/01/12 23:45:00",-3.8,89,
1768259700,"2026/01/13 00:15:00",-3.5,89,
1768261500,"2026/01/13 00:45:00",-3.3,90,
1768263300,"2026/01/13 01:15:00",-3.1,90,
1768265100,"2026/01/13 01:45:00",-2.9,90,
1768266900,"2026/01/13 02:15:00",-2.8,90,
1768268700,"2026/01/13 02:45:00",-2.4,91,
1768270500,"2026/01/13 03:15:00",-2,92,
1768272300,"2026/01/13 03:45:00",-1.7,92,
1768274100,"2026/01/13 04:15:00",-1.4,93,
1768275900,"2026/01/13 04:45:00",-1.1,93,
1768277700,"2026/01/13 05:15:00",-0.9,93,
1768279500,"2026/01/13 05:45:00",-0.7,93,
1768281300,"2026/01/13 06:15:00",-0.5,93,
1768283100,"2026/01/13 06:45:00",-0.5,93,
1768284900,"2026/01/13 07:15:00",-0.4,93,
1768286700,"2026/01/13 07:45:00",-0.4,93,
1768288500,"2026/01/13 08:15:00",-0.4,93,
1768290300,"2026/01/13 08:45:00",-0.4,93,
1768292100,"2026/01/13 09:15:00",-0.4,93,
1768293900,"2026/01/13 09:45:00",-0.2,93,
1768295700,"2026/01/13 10:15:00",0.2,93,
1768297500,"2026/01/13 10:45:00",0.6,93,
1768299300,"2026/01/13 11:15:00",0.9,92,
1768301100,"2026/01/13 11:45:00",1.3,92,
1768302900,"2026/01/13 12:15:00",1.5,91,
1768304700,"2026/01/13 12:45:00",1.9,91,
1768306500,"2026/01/13 13:15:00",2.2,90,
1768308300,"2026/01/13 13:45:00",2.3,90,
1768310100,"2026/01/13 14:15:00",2.1,90,
1768311900,"2026/01/13 14:45:00",1.9,90,
1768313700,"2026/01/13 15:15:00",1.7,91,
1768315500,"2026/01/13 15:45:00",1.6,91,
1768317300,"2026/01/13 16:15:00",1.3,91,
1768319100,"2026/01/13 16:45:00",1.2,92,
1768320900,"2026/01/13 17:15:00",1.1,92,
1768322700,"2026/01/13 17:45:00",1.1,93,
1768324500,"2026/01/13 18:15:00",1,93,
1768326300,"2026/01/13 18:45:00",1,93,
1768328100,"2026/01/13 19:15:00",1.1,93,
1768329900,"2026/01/13 19:45:00",1.1,93,
1768331700,"2026/01/13 20:15:00",1.1,93,
1768333500,"2026/01/13 20:45:00",0.9,93,
1768335300,"2026/01/13 21:15:00",1,94,
1768337100,"2026/01/13 21:45:00",0.9,94,
1768338900,"2026/01/13 22:15:00",1,94,
1768340700,"2026/01/13 22:45:00",1,94,
1768342500,"2026/01/13 23:15:00",1,94,
1768344300,"2026/01/13 23:45:00",0.9,94,
1768346100,"2026/01/14 00:15:00",0.7,94,
1768347900,"2026/01/14 00:45:00",0.5,94,
1768349700,"2026/01/14 01:15:00",0.5,95,
1768351500,"2026/01/14 01:45:00",0.6,95,
1768353300,"2026/01/14 02:15:00",0.6,95,
1768355100,"2026/01/14 02:45:00",0.7,95,
1768356900,"2026/01/14 03:15:00",0.9,96,
1768358700,"2026/01/14 03:45:00",1.2,96,
1768360500,"2026/01/14 04:15:00",1.5,96,
1768362300,"2026/01/14 04:45:00",1.3,95,
1768364100,"2026/01/14 05:15:00",1.3,95,
1768365900,"2026/01/14 05:45:00",1.6,96,
1768367700,"2026/01/14 06:15:00",1.9,96,
1768369500,"2026/01/14 06:45:00",1.9,96,
1768371300,"2026/01/14 07:15:00",1.8,95,
1768373100,"2026/01/14 07:45:00",1.5,94,
1768374900,"2026/01/14 08:15:00",1.4,95,
1768376700,"2026/01/14 08:45:00",1.7,95,
1768378500,"2026/01/14 09:15:00",2.1,94,
1768380300,"2026/01/14 09:45:00",2.4,93,
1768382100,"2026/01/14 10:15:00",2.8,92,
1768383900,"2026/01/14 10:45:00",3.3,91,
1768385700,"2026/01/14 11:15:00",3.9,90,
1768387500,"2026/01/14 11:45:00",4.3,88,
1768389300,"2026/01/14 12:15:00",4.4,87,
1768391100,"2026/01/14 12:45:00",4.3,88,
1768392900,"2026/01/14 13:15:00",4.3,88,
1768394700,"2026/01/14 13:45:00",4.2,88,
1768396500,"2026/01/14 14:15:00",3.9,89,
1768398300,"2026/01/14 14:45:00",3.8,90,
1768400100,"2026/01/14 15:15:00",3.7,90,
1768401900,"2026/01/14 15:45:00",3.5,90,
1768403700,"2026/01/14 16:15:00",3.1,91,
1768405500,"2026/01/14 16:45:00",2.8,91,
1768407300,"2026/01/14 17:15:00",2.6,92,
1768409100,"2026/01/14 17:45:00",2.4,92,
1768410900,"2026/01/14 18:15:00",2.3,93,
1768412700,"2026/01/14 18:45:00",2.4,93,
1768414500,"2026/01/14 19:15:00",2.4,93,
1768416300,"2026/01/14 19:45:00",2.4,93,
1768418100,"2026/01/14 20:15:00",2.4,93,
1768419900,"2026/01/14 20:45:00",2.4,93,
1768421700,"2026/01/14 21:15:00",2.3,93,
1768423500,"2026/01/14 21:45:00",2.2,93,
1768425300,"2026/01/14 22:15:00",2.2,93,
1768427100,"2026/01/14 22:45:00",2.2,93,
1768428900,"2026/01/14 23:15:00",2.2,93,
1768430700,"2026/01/14 23:45:00",2.1,93,
1768432500,"2026/01/15 00:15:00",2.1,93,
1768434300,"2026/01/15 00:45:00",2,93,
1768436100,"2026/01/15 01:15:00",2,94,
1768437900,"2026/01/15 01:45:00",2.1,94,
1768439700,"2026/01/15 02:15:00",2.1,93,
1768441500,"2026/01/15 02:45:00",2.1,94,
1768443300,"2026/01/15 03:15:00",2,94,
1768445100,"2026/01/15 03:45:00",2.1,94,
1768446900,"2026/01/15 04:15:00",2.1,94,
1768448700,"2026/01/15 04:45:00",2.1,94,
1768450500,"2026/01/15 05:15:00",2.1,94,
1768452300,"2026/01/15 05:45:00",2.1,94,
1768454100,"2026/01/15 06:15:00",2.1,94,
1768455900,"2026/01/15 06:45:00",2.1,94,
1768457700,"2026/01/15 07:15:00",2.1,94,
1768459500,"2026/01/15 07:45:00",2,94,
1768461300,"2026/01/15 08:15:00",2,94,
1768463100,"2026/01/15 08:45:00",2.1,94,
1768464900,"2026/01/15 09:15:00",2.2,94,
1768466700,"2026/01/15 09:45:00",2.4,94,
1768468500,"2026/01/15 10:15:00",2.8,94,
1768470300,"2026/01/15 10:45:00",3.2,94,
1768472100,"2026/01/15 11:15:00",3.7,94,
1768473900,"2026/01/15 11:45:00",4.1,93,
1768475700,"2026/01/15 12:15:00",4.1,92,
1768477500,"2026/01/15 12:45:00",4.1,92,
1768479300,"2026/01/15 13:15:00",4.3,93,
1768481100,"2026/01/15 13:45:00",4.4,92,
1768482900,"2026/01/15 14:15:00",4.3,92,
1768484700,"2026/01/15 14:45:00",4.3,92,
1768486500,"2026/01/15 15:15:00",4.1,92,
1768488300,"2026/01/15 15:45:00",3.8,92,
1768490100,"2026/01/15 16:15:00",3.6,93,
1768491900,"2026/01/15 16:45:00",3.4,93,
1768493700,"2026/01/15 17:15:00",3.3,93,
1768495500,"2026/01/15 17:45:00",3,93,
1768497300,"2026/01/15 18:15:00",2.7,93,
1768499100,"2026/01/15 18:45:00",2.3,93,
1768500900,"2026/01/15 19:15:00",1.8,92,
1768502700,"2026/01/15 19:45:00",1.2,92,
1768504500,"2026/01/15 20:15:00",1,94,
1768506300,"2026/01/15 20:45:00",0.9,94,
1768508100,"2026/01/15 21:15:00",0.4,93,
1768509900,"2026/01/15 21:45:00",0.1,94,
1768511700,"2026/01/15 22:15:00",-0.1,94,
1768513500,"2026/01/15 22:45:00",-0.4,94,
1768515300,"2026/01/15 23:15:00",-0.7,94,
1768517100,"2026/01/15 23:45:00",-0.9,94,
1768518900,"2026/01/16 00:15:00",-0.7,95,
1768520700,"2026/01/16 00:45:00",-0.3,96,
1768522500,"2026/01/16 01:15:00",0,96,
1768524300,"2026/01/16 01:45:00",0.2,96,
1768526100,"2026/01/16 02:15:00",0.1,96,
1768527900,"2026/01/16 02:45:00",-0.2,95,
1768529700,"2026/01/16 03:15:00",-0.6,95,
1768531500,"2026/01/16 03:45:00",-0.9,95,
1768533300,"2026/01/16 04:15:00",-1.3,94,
1768535100,"2026/01/16 04:45:00",-1.5,95,
1768536900,"2026/01/16 05:15:00",-1.6,95,
1768538700,"2026/01/16 05:45:00",-1.5,95,
1768540500,"2026/01/16 06:15:00",-1.6,95,
1768542300,"2026/01/16 06:45:00",-1.6,95,
1768544100,"2026/01/16 07:15:00",-1.3,96,
1768545900,"2026/01/16 07:45:00",-0.8,96,
1768547700,"2026/01/16 08:15:00",-0.2,96,
1768549500,"2026/01/16 08:45:00",0.4,96,
1768551300,"2026/01/16 09:15:00",0.8,96,
1768553100,"2026/01/16 09:45:00",1.2,96,
1768554900,"2026/01/16 10:15:00",1.3,95,
1768556700,"2026/01/16 10:45:00",1.5,95,
1768558500,"2026/01/16 11:15:00",1.7,94,
1768560300,"2026/01/16 11:45:00",2,94,
1768562100,"2026/01/16 12:15:00",2.3,93,
1768563900,"2026/01/16 12:45:00",2.4,92,
1768565700,"2026/01/16 13:15:00",2.7,92,
1768567500,"2026/01/16 13:45:00",3,91,
1768569300,"2026/01/16 14:15:00",3,90,
1768571100,"2026/01/16 14:45:00",2.9,91,
1768572900,"2026/01/16 15:15:00",3,91,
1768574700,"2026/01/16 15:45:00",3.1,91,
1768576500,"2026/01/16 16:15:00",3.1,91,
1768578300,"2026/01/16 16:45:00",2.9,91,
1768580100,"2026/01/16 17:15:00",2.7,91,
1768581900,"2026/01/16 17:45:00",2.7,92,
1768583700,"2026/01/16 18:15:00",2.7,91,
1768585500,"2026/01/16 18:45:00",2.5,92,
1768587300,"2026/01/16 19:15:00",2.4,92,
1768589100,"2026/01/16 19:45:00",2.4,92,
1768590900,"2026/01/16 20:15:00",2.6,92,
1768592700,"2026/01/16 20:45:00",2.6,91,
1768594500,"2026/01/16 21:15:00",2.6,91,
1768596300,"2026/01/16 21:45:00",2.6,91,
1768598100,"2026/01/16 22:15:00",2.5,91,
1768599900,"2026/01/16 22:45:00",2.4,91,
1768601700,"2026/01/16 23:15:00",2.3,91,
1768603500,"2026/01/16 23:45:00",2.2,92,
1768605300,"2026/01/17 00:15:00",2.1,92,
1768607100,"2026/01/17 00:45:00",2.1,92,
1768608900,"2026/01/17 01:15:00",2.2,92,
1768610700,"2026/01/17 01:45:00",2.2,93,
1768612500,"2026/01/17 02:15:00",2.2,93,
1768614300,"2026/01/17 02:45:00",2.3,93,
1768616100,"2026/01/17 03:15:00",2.2,93,
1768617900,"2026/01/17 03:45:00",2.1,93,
1768619700,"2026/01/17 04:15:00",2.2,94,
1768621500,"2026/01/17 04:45:00",2.4,94,
1768623300,"2026/01/17 05:15:00",2.5,94,
1768625100,"2026/01/17 05:45:00",2.3,94,
1768626900,"2026/01/17 06:15:00",2.5,95,
1768628700,"2026/01/17 06:45:00",2.7,95,
1768630500,"2026/01/17 07:15:00",2.9,95,
1768632300,"2026/01/17 07:45:00",3,95,
1768634100,"2026/01/17 08:15:00",3.1,94,
1768635900,"2026/01/17 08:45:00",3.2,94,
1768637700,"2026/01/17 09:15:00",3.3,94,
1768639500,"2026/01/17 09:45:00",3.6,94,
1768641300,"2026/01/17 10:15:00",3.7,94,
1768643100,"2026/01/17 10:45:00",3.8,93,
1768644900,"2026/01/17 11:15:00",3.9,93,
1768646700,"2026/01/17 11:45:00",4,93,
1768648500,"2026/01/17 12:15:00",4.1,93,
1768650300,"2026/01/17 12:45:00",4.4,92,
1768652100,"2026/01/17 13:15:00",4.8,90,
1768653900,"2026/01/17 13:45:00",5.1,88,
1768655700,"2026/01/17 14:15:00",5.3,87,
1768657500,"2026/01/17 14:45:00",5.2,88,
1768659300,"2026/01/17 15:15:00",5.1,88,
1768661100,"2026/01/17 15:45:00",4.9,88,
1768662900,"2026/01/17 16:15:00",4.6,89,
1768664700,"2026/01/17 16:45:00",4.4,89,
1768666500,"2026/01/17 17:15:00",4.3,89,
1768668300,"2026/01/17 17:45:00",3.6,88,
1768670100,"2026/01/17 18:15:00",2.8,89,
1768671900,"2026/01/17 18:45:00",2.1,91,
1768673700,"2026/01/17 19:15:00",1.6,92,
1768675500,"2026/01/17 19:45:00",1.2,92,
1768677300,"2026/01/17 20:15:00",0.8,92,
1768679100,"2026/01/17 20:45:00",0.2,92,
1768680900,"2026/01/17 21:15:00",-0.2,93,
1768682700,"2026/01/17 21:45:00",-0.4,93,
1768684500,"2026/01/17 22:15:00",-0.5,94,
1768686300,"2026/01/17 22:45:00",-0.7,94,
1768688100,"2026/01/17 23:15:00",-0.9,93,
1768689900,"2026/01/17 23:45:00",-1.1,93,
1768691700,"2026/01/18 00:15:00",-1.4,93,
1768693500,"2026/01/18 00:45:00",-1.5,94,
1768695300,"2026/01/18 01:15:00",-1.5,94,
1768697100,"2026/01/18 01:45:00",-1.7,94,
1768698900,"2026/01/18 02:15:00",-1.9,93,
1768700700,"2026/01/18 02:45:00",-2,94,
1768702500,"2026/01/18 03:15:00",-1.9,94,
1768704300,"2026/01/18 03:45:00",-1.8,95,
1768706100,"2026/01/18 04:15:00",-1.5,95,
1768707900,"2026/01/18 04:45:00",-0.9,96,
1768709700,"2026/01/18 05:15:00",-0.8,95,
1768711500,"2026/01/18 05:45:00",-1.2,94,
1768713300,"2026/01/18 06:15:00",-1.6,94,
1768715100,"2026/01/18 06:45:00",-1.9,94,
1768716900,"2026/01/18 07:15:00",-2.3,93,
1768718700,"2026/01/18 07:45:00",-2.6,93,
1768720500,"2026/01/18 08:15:00",-2.7,94,
1768722300,"2026/01/18 08:45:00",-2.6,95,
1768724100,"2026/01/18 09:15:00",-2.1,95,
1768725900,"2026/01/18 09:45:00",-1.6,95,
1768727700,"2026/01/18 10:15:00",-1,95,
1768729500,"2026/01/18 10:45:00",-0.1,94,
1768731300,"2026/01/18 11:15:00",0.6,92,
1768733100,"2026/01/18 11:45:00",1.4,89,
1768734900,"2026/01/18 12:15:00",2,85,
1768736700,"2026/01/18 12:45:00",2.6,82,
1768738500,"2026/01/18 13:15:00",3.3,78,
1768740300,"2026/01/18 13:45:00",3.8,74,
1768742100,"2026/01/18 14:15:00",4.1,70,
1768743900,"2026/01/18 14:45:00",4.3,69,
1768745700,"2026/01/18 15:15:00",4.2,69,
1768747500,"2026/01/18 15:45:00",3.7,70,
1768749300,"2026/01/18 16:15:00",2.6,74,
1768751100,"2026/01/18 16:45:00",1.2,77,
1768752900,"2026/01/18 17:15:00",0.6,77,
1768754700,"2026/01/18 17:45:00",0.3,78,
1768756500,"2026/01/18 18:15:00",-0.6,80,
1768758300,"2026/01/18 18:45:00",-1.5,83,
1768760100,"2026/01/18 19:15:00",-2.2,85,
1768761900,"2026/01/18 19:45:00",-2.6,87,
1768763700,"2026/01/18 20:15:00",-2.9,87,
1768765500,"2026/01/18 20:45:00",-3.1,88,
1768767300,"2026/01/18 21:15:00",-3.4,88,
1768769100,"2026/01/18 21:45:00",-3.7,89,
1768770900,"2026/01/18 22:15:00",-3.9,89,
1768772700,"2026/01/18 22:45:00",-4.1,89,
1768774500,"2026/01/18 23:15:00",-4.1,89,
1768776300,"2026/01/18 23:45:00",-4,88,
1768778100,"2026/01/19 00:15:00",-4.1,87,
1768779900,"2026/01/19 00:45:00",-4.1,86,
1768781700,"2026/01/19 01:15:00",-4.3,87,
1768783500,"2026/01/19 01:45:00",-4.2,87,
1768785300,"2026/01/19 02:15:00",-4.3,86,
1768787100,"2026/01/19 02:45:00",-4.6,87,
1768788900,"2026/01/19 03:15:00",-4.7,87,
1768790700,"2026/01/19 03:45:00",-4.8,87,
1768792500,"2026/01/19 04:15:00",-5,87,
1768794300,"2026/01/19 04:45:00",-5.2,87,
1768796100,"2026/01/19 05:15:00",-5.2,89,
1768797900,"2026/01/19 05:45:00",-4.9,88,
1768799700,"2026/01/19 06:15:00",-4.7,88,
1768801500,"2026/01/19 06:45:00",-5,87,
1768803300,"2026/01/19 07:15:00",-5.4,87,
1768805100,"2026/01/19 07:45:00",-5.6,89,
1768806900,"2026/01/19 08:15:00",-5.5,89,
1768808700,"2026/01/19 08:45:00",-5.2,90,
1768810500,"2026/01/19 09:15:00",-4.8,89,
1768812300,"2026/01/19 09:45:00",-4.4,89,
1768814100,"2026/01/19 10:15:00",-3.7,88,
1768815900,"2026/01/19 10:45:00",-2.3,84,
1768817700,"2026/01/19 11:15:00",-1.1,80,
1768819500,"2026/01/19 11:45:00",-0.2,75,
1768821300,"2026/01/19 12:15:00",0.4,72,
1768823100,"2026/01/19 12:45:00",0.8,70,
1768824900,"2026/01/19 13:15:00",1,69,
1768826700,"2026/01/19 13:45:00",1.1,68,
1768828500,"2026/01/19 14:15:00",1.2,68,
1768830300,"2026/01/19 14:45:00",1.2,68,
1768832100,"2026/01/19 15:15:00",1.1,68,
1768833900,"2026/01/19 15:45:00",0.8,68,
1768835700,"2026/01/19 16:15:00",0.2,69,
1768837500,"2026/01/19 16:45:00",-0.5,70,
1768839300,"2026/01/19 17:15:00",-1.1,72,
1768841100,"2026/01/19 17:45:00",-1.6,73,
1768842900,"2026/01/19 18:15:00",-2,74,
1768844700,"2026/01/19 18:45:00",-2.2,75,
1768846500,"2026/01/19 19:15:00",-2.2,74,
1768848300,"2026/01/19 19:45:00",-2.2,75,
1768850100,"2026/01/19 20:15:00",-2.8,77,
1768851900,"2026/01/19 20:45:00",-3.5,79,
1768853700,"2026/01/19 21:15:00",-4,80,
1768855500,"2026/01/19 21:45:00",-4.6,82,
1768857300,"2026/01/19 22:15:00",-5.2,83,
1768859100,"2026/01/19 22:45:00",-5.5,84,
1768860900,"2026/01/19 23:15:00",-5.6,84,
1768862700,"2026/01/19 23:45:00",-5.9,85,
1768864500,"2026/01/20 00:15:00",-6,86,
1768866300,"2026/01/20 00:45:00",-6,86,
1768868100,"2026/01/20 01:15:00",-6,86,
1768869900,"2026/01/20 01:45:00",-6.2,86,
1768871700,"2026/01/20 02:15:00",-6.5,86,
1768873500,"2026/01/20 02:45:00",-6.7,87,
1768875300,"2026/01/20 03:15:00",-6.7,88,
1768877100,"2026/01/20 03:45:00",-6.8,87,
1768878900,"2026/01/20 04:15:00",-7,87,
1768880700,"2026/01/20 04:45:00",-7.3,87,
1768882500,"2026/01/20 05:15:00",-7.5,88,
1768884300,"2026/01/20 05:45:00",-7.6,88,
1768886100,"2026/01/20 06:15:00",-7.9,88,
1768887900,"2026/01/20 06:45:00",-7.9,88,
1768889700,"2026/01/20 07:15:00",-7.9,88,
1768891500,"2026/01/20 07:45:00",-8,88,
1768893300,"2026/01/20 08:15:00",-7.9,89,
1768895100,"2026/01/20 08:45:00",-7.4,90,
1768896900,"2026/01/20 09:15:00",-6.9,90,
1768898700,"2026/01/20 09:45:00",-6.5,90,
1768900500,"2026/01/20 10:15:00",-5.6,90,
1768902300,"2026/01/20 10:45:00",-4.3,89,
1768904100,"2026/01/20 11:15:00",-2.8,84,
1768905900,"2026/01/20 11:45:00",-1.8,79,
1768907700,"2026/01/20 12:15:00",-1.3,76,
1768909500,"2026/01/20 12:45:00",-0.9,74,
1768911300,"2026/01/20 13:15:00",-0.7,74,
1768913100,"2026/01/20 13:45:00",-0.5,73,
1768914900,"2026/01/20 14:15:00",-0.3,72,
1768916700,"2026/01/20 14:45:00",-0.3,71,
1768918500,"2026/01/20 15:15:00",-0.2,71,
1768920300,"2026/01/20 15:45:00",-0.4,71,
1768922100,"2026/01/20 16:15:00",-0.9,72,
1768923900,"2026/01/20 16:45:00",-1.6,74,
1768925700,"2026/01/20 17:15:00",-2.2,75,
1768927500,"2026/01/20 17:45:00",-2.6,77,
1768929300,"2026/01/20 18:15:00",-3.2,78,
1768931100,"2026/01/20 18:45:00",-3.5,79,
1768932900,"2026/01/20 19:15:00",-3.7,79,
1768934700,"2026/01/20 19:45:00",-4,80,
1768936500,"2026/01/20 20:15:00",-4.5,80,
1768938300,"2026/01/20 20:45:00",-5.2,82,
1768940100,"2026/01/20 21:15:00",-5.8,83,
1768941900,"2026/01/20 21:45:00",-6.1,85,
1768943700,"2026/01/20 22:15:00",-5.9,86,
1768945500,"2026/01/20 22:45:00",-5.9,85,
1768947300,"2026/01/20 23:15:00",-5.9,86,
1768949100,"2026/01/20 23:45:00",-6,85,
1768950900,"2026/01/21 00:15:00",-6.1,86,
1768952700,"2026/01/21 00:45:00",-6.1,86,
1768954500,"2026/01/21 01:15:00",-6.5,86,
1768956300,"2026/01/21 01:45:00",-6.9,86,
1768958100,"2026/01/21 02:15:00",-7.2,87,
1768959900,"2026/01/21 02:45:00",-7.6,87,
1768961700,"2026/01/21 03:15:00",-7.8,87,
1768963500,"2026/01/21 03:45:00",-8,87,
1768965300,"2026/01/21 04:15:00",-8.2,87,
1768967100,"2026/01/21 04:45:00",-8.3,87,
1768968900,"2026/01/21 05:15:00",-8.5,87,
1768970700,"2026/01/21 05:45:00",-8.6,87,
1768972500,"2026/01/21 06:15:00",-8.5,88,
1768974300,"2026/01/21 06:45:00",-7.9,90,
1768976100,"2026/01/21 07:15:00",-6.9,91,
1768977900,"2026/01/21 07:45:00",-6.3,90,
1768979700,"2026/01/21 08:15:00",-5.9,89,
1768981500,"2026/01/21 08:45:00",-5.4,88,
1768983300,"2026/01/21 09:15:00",-5.1,87,
1768985100,"2026/01/21 09:45:00",-4.8,86,
1768986900,"2026/01/21 10:15:00",-4.5,86,
1768988700,"2026/01/21 10:45:00",-4.2,86,
1768990500,"2026/01/21 11:15:00",-3.5,86,
1768992300,"2026/01/21 11:45:00",-2.4,83,
1768994100,"2026/01/21 12:15:00",-1.8,81,
1768995900,"2026/01/21 12:45:00",-1.3,79,
1768997700,"2026/01/21 13:15:00",-0.9,78,
1768999500,"2026/01/21 13:45:00",-0.4,77,
1769001300,"2026/01/21 14:15:00",-0.1,76,
1769003100,"2026/01/21 14:45:00",0.4,73,
1769004900,"2026/01/21 15:15:00",0.7,71,
1769006700,"2026/01/21 15:45:00",0.5,70,
1769008500,"2026/01/21 16:15:00",0,70,
1769010300,"2026/01/21 16:45:00",-0.9,73,
1769012100,"2026/01/21 17:15:00",-1.6,73,
1769013900,"2026/01/21 17:45:00",-2,74,
1769015700,"2026/01/21 18:15:00",-2.5,75,
1769017500,"2026/01/21 18:45:00",-3.3,77,
1769019300,"2026/01/21 19:15:00",-4.1,79,
1769021100,"2026/01/21 19:45:00",-4.7,80,
1769022900,"2026/01/21 20:15:00",-5.2,82,
1769024700,"2026/01/21 20:45:00",-5.5,82,
1769026500,"2026/01/21 21:15:00",-5.9,82,
1769028300,"2026/01/21 21:45:00",-6.3,84,
1769030100,"2026/01/21 22:15:00",-6.5,84,
1769031900,"2026/01/21 22:45:00",-6.7,85,
1769033700,"2026/01/21 23:15:00",-7,85,
1769035500,"2026/01/21 23:45:00",-7.2,85,
1769037300,"2026/01/22 00:15:00",-7.5,86,
1769039100,"2026/01/22 00:45:00",-7.8,86,
1769040900,"2026/01/22 01:15:00",-8,86,
1769042700,"2026/01/22 01:45:00",-8.3,86,
1769044500,"2026/01/22 02:15:00",-8.6,87,
1769046300,"2026/01/22 02:45:00",-8.8,87,
1769048100,"2026/01/22 03:15:00",-9,87,
1769049900,"2026/01/22 03:45:00",-8.8,88,
1769051700,"2026/01/22 04:15:00",-8.8,88,
1769053500,"2026/01/22 04:45:00",-8.7,88,
1769055300,"2026/01/22 05:15:00",-8.9,87,
1769057100,"2026/01/22 05:45:00",-9,88,
1769058900,"2026/01/22 06:15:00",-9,87,
1769060700,"2026/01/22 06:45:00",-9.1,88,
1769062500,"2026/01/22 07:15:00",-9.1,87,
1769064300,"2026/01/22 07:45:00",-9.2,88,
1769066100,"2026/01/22 08:15:00",-9.2,87,
1769067900,"2026/01/22 08:45:00",-9.1,88,
1769069700,"2026/01/22 09:15:00",-8.8,89,
1769071500,"2026/01/22 09:45:00",-8.3,89,
1769073300,"2026/01/22 10:15:00",-7.6,90,
1769075100,"2026/01/22 10:45:00",-6.4,91,
1769076900,"2026/01/22 11:15:00",-4.9,89,
1769078700,"2026/01/22 11:45:00",-3.7,86,
1769080500,"2026/01/22 12:15:00",-2.7,83,
1769082300,"2026/01/22 12:45:00",-2,80,
1769084100,"2026/01/22 13:15:00",-1.4,79,
1769085900,"2026/01/22 13:45:00",-0.9,77,
1769087700,"2026/01/22 14:15:00",-0.4,76,
1769089500,"2026/01/22 14:45:00",-0.2,75,
1769091300,"2026/01/22 15:15:00",-0.4,74,
1769093100,"2026/01/22 15:45:00",-0.8,75,
1769094900,"2026/01/22 16:15:00",-1.2,76,
1769096700,"2026/01/22 16:45:00",-1.5,77,
1769098500,"2026/01/22 17:15:00",-1.7,77,
1769100300,"2026/01/22 17:45:00",-2,77,
1769102100,"2026/01/22 18:15:00",-2.2,78,
1769103900,"2026/01/22 18:45:00",-2.4,79,
1769105700,"2026/01/22 19:15:00",-2.6,79,
1769107500,"2026/01/22 19:45:00",-2.7,79,
1769109300,"2026/01/22 20:15:00",-2.8,79,
1769111100,"2026/01/22 20:45:00",-3.1,79,
1769112900,"2026/01/22 21:15:00",-3.5,79,
1769114700,"2026/01/22 21:45:00",-3.7,80,
1769116500,"2026/01/22 22:15:00",-3.8,81,
1769118300,"2026/01/22 22:45:00",-3.8,82,
1769120100,"2026/01/22 23:15:00",-3.7,82,
1769121900,"2026/01/22 23:45:00",-3.5,82,
1769123700,"2026/01/23 00:15:00",-3.4,82,
1769125500,"2026/01/23 00:45:00",-3.3,82,
1769127300,"2026/01/23 01:15:00",-3.2,82,
1769129100,"2026/01/23 01:45:00",-3.2,83,
1769130900,"2026/01/23 02:15:00",-3.1,83,
1769132700,"2026/01/23 02:45:00",-3.1,83,
1769134500,"2026/01/23 03:15:00",-3,83,
1769136300,"2026/01/23 03:45:00",-3,83,
1769138100,"2026/01/23 04:15:00",-3,83,
1769139900,"2026/01/23 04:45:00",-3,83,
1769141700,"2026/01/23 05:15:00",-3.1,83,
1769143500,"2026/01/23 05:45:00",-3.1,83,
1769145300,"2026/01/23 06:15:00",-3.1,83,
1769147100,"2026/01/23 06:45:00",-3.1,83,
1769148900,"2026/01/23 07:15:00",-3.1,84,
1769150700,"2026/01/23 07:45:00",-3.1,84,
1769152500,"2026/01/23 08:15:00",-3,84,
1769154300,"2026/01/23 08:45:00",-3,84,
1769156100,"2026/01/23 09:15:00",-2.9,85,
1769157900,"2026/01/23 09:45:00",-2.7,85,
1769159700,"2026/01/23 10:15:00",-2.6,84,
1769161500,"2026/01/23 10:45:00",-2.6,84,
1769163300,"2026/01/23 11:15:00",-2.4,84,
1769165100,"2026/01/23 11:45:00",-2.2,84,
1769166900,"2026/01/23 12:15:00",-2.1,84,
1769168700,"2026/01/23 12:45:00",-2,84,
1769170500,"2026/01/23 13:15:00",-1.9,83,
1769172300,"2026/01/23 13:45:00",-1.8,83,
1769174100,"2026/01/23 14:15:00",-1.7,83,
1769175900,"2026/01/23 14:45:00",-1.7,83,
1769177700,"2026/01/23 15:15:00",-1.7,84,
1769179500,"2026/01/23 15:45:00",-1.7,84,
1769181300,"2026/01/23 16:15:00",-1.7,84,
1769183100,"2026/01/23 16:45:00",-1.6,84,
1769184900,"2026/01/23 17:15:00",-1.7,84,
1769186700,"2026/01/23 17:45:00",-1.7,85,
1769188500,"2026/01/23 18:15:00",-1.7,85,
1769190300,"2026/01/23 18:45:00",-1.7,85,
1769192100,"2026/01/23 19:15:00",-1.7,85,
1769193900,"2026/01/23 19:45:00",-1.7,85,
1769195700,"2026/01/23 20:15:00",-1.7,85,
1769197500,"2026/01/23 20:45:00",-1.6,86,
1769199300,"2026/01/23 21:15:00",-1.5,86,
1769201100,"2026/01/23 21:45:00",-1.4,86,
1769202900,"2026/01/23 22:15:00",-1.4,86,
1769204700,"2026/01/23 22:45:00",-1.4,86,
1769206500,"2026/01/23 23:15:00",-1.3,87,
1769208300,"2026/01/23 23:45:00",-1.3,87,
1769210100,"2026/01/24 00:15:00",-1.4,88,
1769211900,"2026/01/24 00:45:00",-1.4,89,
1769213700,"2026/01/24 01:15:00",-1.5,89,
1769215500,"2026/01/24 01:45:00",-1.6,89,
1769217300,"2026/01/24 02:15:00",-1.7,89,
1769219100,"2026/01/24 02:45:00",-1.7,89,
1769220900,"2026/01/24 03:15:00",-1.8,90,
1769222700,"2026/01/24 03:45:00",-1.8,90,
1769224500,"2026/01/24 04:15:00",-1.9,90,
1769226300,"2026/01/24 04:45:00",-2,90,
1769228100,"2026/01/24 05:15:00",-2,91,
1769229900,"2026/01/24 05:45:00",-2,91,
1769231700,"2026/01/24 06:15:00",-2,91,
1769233500,"2026/01/24 06:45:00",-2,91,
1769235300,"2026/01/24 07:15:00",-2,92,
1769237100,"2026/01/24 07:45:00",-2,92,
1769238900,"2026/01/24 08:15:00",-2,92,
1769240700,"2026/01/24 08:45:00",-1.9,92,
1769242500,"2026/01/24 09:15:00",-1.8,92,
1769244300,"2026/01/24 09:45:00",-1.6,92,
1769246100,"2026/01/24 10:15:00",-1.5,91,
1769247900,"2026/01/24 10:45:00",-1.4,91,
1769249700,"2026/01/24 11:15:00",-1.3,91,
1769251500,"2026/01/24 11:45:00",-1.2,91,
1769253300,"2026/01/24 12:15:00",-1,90,
1769255100,"2026/01/24 12:45:00",-0.9,90,
1769256900,"2026/01/24 13:15:00",-0.8,90,
1769258700,"2026/01/24 13:45:00",-0.6,90,
1769260500,"2026/01/24 14:15:00",-0.5,90,
1769262300,"2026/01/24 14:45:00",-0.3,90,
1769264100,"2026/01/24 15:15:00",-0.3,90,
1769265900,"2026/01/24 15:45:00",-0.3,90,
1769267700,"2026/01/24 16:15:00",-0.3,90,
1769269500,"2026/01/24 16:45:00",-0.2,90,
1769271300,"2026/01/24 17:15:00",-0.3,90,
1769273100,"2026/01/24 17:45:00",-0.3,90,
1769274900,"2026/01/24 18:15:00",-0.3,90,
1769276700,"2026/01/24 18:45:00",-0.3,90,
1769278500,"2026/01/24 19:15:00",-0.2,90,
1769280300,"2026/01/24 19:45:00",-0.2,90,
1769282100,"2026/01/24 20:15:00",-0.2,90,
1769283900,"2026/01/24 20:45:00",-0.2,90,
1769285700,"2026/01/24 21:15:00",-0.2,91,
1769287500,"2026/01/24 21:45:00",-0.2,91,
1769289300,"2026/01/24 22:15:00",-0.2,91,
1769291100,"2026/01/24 22:45:00",-0.2,91,
1769292900,"2026/01/24 23:15:00",-0.1,91,
1769294700,"2026/01/24 23:45:00",0,91,
1769296500,"2026/01/25 00:15:00",0,91,
1769298300,"2026/01/25 00:45:00",0.2,92,
1769300100,"2026/01/25 01:15:00",0.4,92,
1769301900,"2026/01/25 01:45:00",0.4,91,
1769303700,"2026/01/25 02:15:00",0.4,92,
1769305500,"2026/01/25 02:45:00",0.5,93,
1769307300,"2026/01/25 03:15:00",0.6,93,
1769309100,"2026/01/25 03:45:00",0.6,93,
1769310900,"2026/01/25 04:15:00",0.6,93,
1769312700,"2026/01/25 04:45:00",0.7,93,
1769314500,"2026/01/25 05:15:00",0.8,94,
1769316300,"2026/01/25 05:45:00",1,94,
1769318100,"2026/01/25 06:15:00",1,94,
1769319900,"2026/01/25 06:45:00",1,94,
1769321700,"2026/01/25 07:15:00",1,94,
1769323500,"2026/01/25 07:45:00",1,94,
1769325300,"2026/01/25 08:15:00",1.1,94,
1769327100,"2026/01/25 08:45:00",1.1,94,
1769328900,"2026/01/25 09:15:00",1.2,94,
1769330700,"2026/01/25 09:45:00",1.2,94,
1769332500,"2026/01/25 10:15:00",1.4,95,
1769334300,"2026/01/25 10:45:00",1.6,95,
1769336100,"2026/01/25 11:15:00",1.9,94,
1769337900,"2026/01/25 11:45:00",2.1,94,
1769339700,"2026/01/25 12:15:00",2.4,94,
1769341500,"2026/01/25 12:45:00",2.7,94,
1769343300,"2026/01/25 13:15:00",3,94,
1769345100,"2026/01/25 13:45:00",3.1,93,
1769346900,"2026/01/25 14:15:00",3.3,94,
1769348700,"2026/01/25 14:45:00",3.6,94,
1769350500,"2026/01/25 15:15:00",3.7,93,
1769352300,"2026/01/25 15:45:00",3.7,93,
1769354100,"2026/01/25 16:15:00",3.6,92,
1769355900,"2026/01/25 16:45:00",3.4,93,
1769357700,"2026/01/25 17:15:00",3.3,93,
1769359500,"2026/01/25 17:45:00",3.5,94,
1769361300,"2026/01/25 18:15:00",3.7,94,
1769363100,"2026/01/25 18:45:00",4,94,
1769364900,"2026/01/25 19:15:00",4.3,94,
1769366700,"2026/01/25 19:45:00",4.7,93,
1769368500,"2026/01/25 20:15:00",4.8,93,
1769370300,"2026/01/25 20:45:00",4.6,93,
1769372100,"2026/01/25 21:15:00",4.5,93,
1769373900,"2026/01/25 21:45:00",4.9,94,
1769375700,"2026/01/25 22:15:00",5.2,93,
1769377500,"2026/01/25 22:45:00",5.6,92,
1769379300,"2026/01/25 23:15:00",5.8,91,
1769381100,"2026/01/25 23:45:00",5.8,91,
1769382900,"2026/01/26 00:15:00",5.5,92,
1769384700,"2026/01/26 00:45:00",5.3,92,
1769386500,"2026/01/26 01:15:00",5.2,92,
1769388300,"2026/01/26 01:45:00",5.2,92,
1769390100,"2026/01/26 02:15:00",5.2,92,
1769391900,"2026/01/26 02:45:00",5.2,91,
1769393700,"2026/01/26 03:15:00",5,90,
1769395500,"2026/01/26 03:45:00",4.3,90,
1769397300,"2026/01/26 04:15:00",3.4,90,
1769399100,"2026/01/26 04:45:00",2.7,91,
1769400900,"2026/01/26 05:15:00",2.1,92,
1769402700,"2026/01/26 05:45:00",1.8,92,
1769404500,"2026/01/26 06:15:00",1.6,93,
1769406300,"2026/01/26 06:45:00",1.3,93,
1769408100,"2026/01/26 07:15:00",1.1,93,
1769409900,"2026/01/26 07:45:00",0.9,93,
1769411700,"2026/01/26 08:15:00",0.7,93,
1769413500,"2026/01/26 08:45:00",0.8,94,
1769415300,"2026/01/26 09:15:00",1.1,94,
1769417100,"2026/01/26 09:45:00",1.6,93,
1769418900,"2026/01/26 10:15:00",2.7,93,
1769420700,"2026/01/26 10:45:00",4.2,89,
1769422500,"2026/01/26 11:15:00",5.7,86,
1769424300,"2026/01/26 11:45:00",6.9,81,
1769426100,"2026/01/26 12:15:00",7.5,77,
1769427900,"2026/01/26 12:45:00",7.6,74,
1769429700,"2026/01/26 13:15:00",7.6,72,
1769431500,"2026/01/26 13:45:00",7.4,73,
1769433300,"2026/01/26 14:15:00",7.3,73,
1769435100,"2026/01/26 14:45:00",7.1,75,
1769436900,"2026/01/26 15:15:00",6.7,76,
1769438700,"2026/01/26 15:45:00",6.3,78,
1769440500,"2026/01/26 16:15:00",5.9,79,
1769442300,"2026/01/26 16:45:00",5.5,79,
1769444100,"2026/01/26 17:15:00",5.1,80,
1769445900,"2026/01/26 17:45:00",4.7,80,
1769447700,"2026/01/26 18:15:00",4.4,80,
1769449500,"2026/01/26 18:45:00",4.1,81,
1769451300,"2026/01/26 19:15:00",4.1,82,
1769453100,"2026/01/26 19:45:00",4,82,
1769454900,"2026/01/26 20:15:00",3.6,84,
1769456700,"2026/01/26 20:45:00",2.5,86,
1769458500,"2026/01/26 21:15:00",1.8,89,
1769460300,"2026/01/26 21:45:00",1.6,90,
1769462100,"2026/01/26 22:15:00",1.5,91,
1769463900,"2026/01/26 22:45:00",1.7,91,
1769465700,"2026/01/26 23:15:00",1.8,89,
1769467500,"2026/01/26 23:45:00",1.8,89,
1769469300,"2026/01/27 00:15:00",1.8,86,
1769471100,"2026/01/27 00:45:00",1.6,85,
1769472900,"2026/01/27 01:15:00",1.4,84,
1769474700,"2026/01/27 01:45:00",1.3,84,
1769476500,"2026/01/27 02:15:00",1.1,84,
1769478300,"2026/01/27 02:45:00",1.1,84,
1769480100,"2026/01/27 03:15:00",1.1,83,
1769481900,"2026/01/27 03:45:00",1.1,84,
1769483700,"2026/01/27 04:15:00",1.1,84,
1769485500,"2026/01/27 04:45:00",1.1,85,
1769487300,"2026/01/27 05:15:00",1,84,
1769489100,"2026/01/27 05:45:00",1,84,
1769490900,"2026/01/27 06:15:00",1,84,
1769492700,"2026/01/27 06:45:00",0.9,84,
1769494500,"2026/01/27 07:15:00",0.7,85,
1769496300,"2026/01/27 07:45:00",0.6,86,
1769498100,"2026/01/27 08:15:00",0.7,86,
1769499900,"2026/01/27 08:45:00",0.8,87,
1769501700,"2026/01/27 09:15:00",1,87,
1769503500,"2026/01/27 09:45:00",1.2,87,
1769505300,"2026/01/27 10:15:00",1.4,87,
1769507100,"2026/01/27 10:45:00",2,85,
1769508900,"2026/01/27 11:15:00",2.6,83,
1769510700,"2026/01/27 11:45:00",3,82,
1769512500,"2026/01/27 12:15:00",3.2,81,
1769514300,"2026/01/27 12:45:00",3.3,81,
1769516100,"2026/01/27 13:15:00",3.5,81,
1769517900,"2026/01/27 13:45:00",3.6,81,
1769519700,"2026/01/27 14:15:00",3.6,81,
1769521500,"2026/01/27 14:45:00",3.5,80,
1769523300,"2026/01/27 15:15:00",3.4,80,
1769525100,"2026/01/27 15:45:00",3.2,81,
1769526900,"2026/01/27 16:15:00",2.9,82,
1769528700,"2026/01/27 16:45:00",2.6,83,
1769530500,"2026/01/27 17:15:00",2.2,84,
1769532300,"2026/01/27 17:45:00",1.8,84,
1769534100,"2026/01/27 18:15:00",1.1,85,
1769535900,"2026/01/27 18:45:00",0.7,87,
1769537700,"2026/01/27 19:15:00",0.3,87,
1769539500,"2026/01/27 19:45:00",0.3,90,
1769541300,"2026/01/27 20:15:00",0.7,89,
1769543100,"2026/01/27 20:45:00",1,88,
1769544900,"2026/01/27 21:15:00",1.2,88,
1769546700,"2026/01/27 21:45:00",1.2,88,
1769548500,"2026/01/27 22:15:00",1.2,88,
1769550300,"2026/01/27 22:45:00",1.1,88,
1769552100,"2026/01/27 23:15:00",1.1,88,
1769553900,"2026/01/27 23:45:00",0.9,88,
1769555700,"2026/01/28 00:15:00",0.8,89,
1769557500,"2026/01/28 00:45:00",0.6,88,
1769559300,"2026/01/28 01:15:00",0.2,88,
1769561100,"2026/01/28 01:45:00",-0.4,89,
1769562900,"2026/01/28 02:15:00",-0.9,89,
1769564700,"2026/01/28 02:45:00",-1.2,90,
1769566500,"2026/01/28 03:15:00",-1.5,91,
1769568300,"2026/01/28 03:45:00",-1.2,92,
1769570100,"2026/01/28 04:15:00",-1.2,92,
1769571900,"2026/01/28 04:45:00",-1.1,93,
1769573700,"2026/01/28 05:15:00",-0.9,93,
1769575500,"2026/01/28 05:45:00",-0.9,93,
1769577300,"2026/01/28 06:15:00",-0.7,93,
1769579100,"2026/01/28 06:45:00",-0.5,93,
1769580900,"2026/01/28 07:15:00",-0.4,93,
1769582700,"2026/01/28 07:45:00",-0.2,92,
1769584500,"2026/01/28 08:15:00",-0.1,92,
1769586300,"2026/01/28 08:45:00",0.1,92,
1769588100,"2026/01/28 09:15:00",0.4,92,
1769589900,"2026/01/28 09:45:00",0.8,92,
1769591700,"2026/01/28 10:15:00",1.3,91,
1769593500,"2026/01/28 10:45:00",1.8,91,
1769595300,"2026/01/28 11:15:00",2.3,90,
1769597100,"2026/01/28 11:45:00",2.5,89,
1769598900,"2026/01/28 12:15:00",2.6,88,
1769600700,"2026/01/28 12:45:00",2.5,87,
1769602500,"2026/01/28 13:15:00",2.6,87,
1769604300,"2026/01/28 13:45:00",2.8,86,
1769606100,"2026/01/28 14:15:00",3.1,85,
1769607900,"2026/01/28 14:45:00",3.5,85,
1769609700,"2026/01/28 15:15:00",3.5,84,
1769611500,"2026/01/28 15:45:00",3.3,84,
1769613300,"2026/01/28 16:15:00",3,84,
1769615100,"2026/01/28 16:45:00",2.8,84,
1769616900,"2026/01/28 17:15:00",2.5,85,
1769618700,"2026/01/28 17:45:00",2.3,85,
1769620500,"2026/01/28 18:15:00",2.2,86,
1769622300,"2026/01/28 18:45:00",2.1,86,
1769624100,"2026/01/28 19:15:00",1.9,86,
1769625900,"2026/01/28 19:45:00",1.8,86,
1769627700,"2026/01/28 20:15:00",1.6,87,
1769629500,"2026/01/28 20:45:00",1.6,87,
1769631300,"2026/01/28 21:15:00",1.5,88,
1769633100,"2026/01/28 21:45:00",1.4,88,
1769634900,"2026/01/28 22:15:00",1.4,88,
1769636700,"2026/01/28 22:45:00",1.4,88,
1769638500,"2026/01/28 23:15:00",1.3,88,
1769640300,"2026/01/28 23:45:00",1.3,88,
1769642100,"2026/01/29 00:15:00",1.2,88,
1769643900,"2026/01/29 00:45:00",1.1,88,
1769645700,"2026/01/29 01:15:00",1.1,88,
1769647500,"2026/01/29 01:45:00",1.1,88,
1769649300,"2026/01/29 02:15:00",1,87,
1769651100,"2026/01/29 02:45:00",1,87,
1769652900,"2026/01/29 03:15:00",1,87,
1769654700,"2026/01/29 03:45:00",0.9,87,
1769656500,"2026/01/29 04:15:00",1,87,
1769658300,"2026/01/29 04:45:00",1,87,
1769660100,"2026/01/29 05:15:00",1,87,
1769661900,"2026/01/29 05:45:00",0.9,87,
1769663700,"2026/01/29 06:15:00",0.7,88,
1769665500,"2026/01/29 06:45:00",0.5,89,
1769667300,"2026/01/29 07:15:00",0.3,90,
1769669100,"2026/01/29 07:45:00",0.1,90,
1769670900,"2026/01/29 08:15:00",0,91,
1769672700,"2026/01/29 08:45:00",0,91,
1769674500,"2026/01/29 09:15:00",0.1,91,
1769676300,"2026/01/29 09:45:00",0.2,91,
1769678100,"2026/01/29 10:15:00",0.4,91,
1769679900,"2026/01/29 10:45:00",0.6,91,
1769681700,"2026/01/29 11:15:00",0.8,91,
1769683500,"2026/01/29 11:45:00",1,91,
1769685300,"2026/01/29 12:15:00",1.3,91,
1769687100,"2026/01/29 12:45:00",1.6,90,
1769688900,"2026/01/29 13:15:00",1.9,89,
1769690700,"2026/01/29 13:45:00",1.9,89,
1769692500,"2026/01/29 14:15:00",1.9,89,
1769694300,"2026/01/29 14:45:00",1.7,89,
1769696100,"2026/01/29 15:15:00",1.4,90,
1769697900,"2026/01/29 15:45:00",1.2,90,
1769699700,"2026/01/29 16:15:00",1.1,91,
1769701500,"2026/01/29 16:45:00",1,91,
1769703300,"2026/01/29 17:15:00",0.8,91,
1769705100,"2026/01/29 17:45:00",0.7,92,
1769706900,"2026/01/29 18:15:00",0.6,92,
1769708700,"2026/01/29 18:45:00",0.5,92,
1769710500,"2026/01/29 19:15:00",0.4,92,
1769712300,"2026/01/29 19:45:00",0.3,93,
1769714100,"2026/01/29 20:15:00",0.3,93,
1769715900,"2026/01/29 20:45:00",0.3,93,
1769717700,"2026/01/29 21:15:00",0.4,93,
1769719500,"2026/01/29 21:45:00",0.4,93,
1769721300,"2026/01/29 22:15:00",0.4,94,
1769723100,"2026/01/29 22:45:00",0.4,94,
1769724900,"2026/01/29 23:15:00",0.4,94,
1769726700,"2026/01/29 23:45:00",0.4,94,
1769728500,"2026/01/30 00:15:00",0.4,93,
1769730300,"2026/01/30 00:45:00",0.4,93,
1769732100,"2026/01/30 01:15:00",0.3,94,
1769733900,"2026/01/30 01:45:00",0.4,94,
1769735700,"2026/01/30 02:15:00",0.4,94,
1769737500,"2026/01/30 02:45:00",0.4,94,
1769739300,"2026/01/30 03:15:00",0.4,94,
1769741100,"2026/01/30 03:45:00",0.4,94,
1769742900,"2026/01/30 04:15:00",0.3,93,
1769744700,"2026/01/30 04:45:00",0.2,93,
1769746500,"2026/01/30 05:15:00",0.1,93,
1769748300,"2026/01/30 05:45:00",0.1,93,
1769750100,"2026/01/30 06:15:00",0.1,93,
1769751900,"2026/01/30 06:45:00",0.1,93,
1769753700,"2026/01/30 07:15:00",0.1,93,
1769755500,"2026/01/30 07:45:00",0,93,
1769757300,"2026/01/30 08:15:00",0.1,93,
1769759100,"2026/01/30 08:45:00",0.3,93,
1769760900,"2026/01/30 09:15:00",0.6,93,
1769762700,"2026/01/30 09:45:00",1,93,
1769764500,"2026/01/30 10:15:00",1.4,92,
1769766300,"2026/01/30 10:45:00",1.7,91,
1769768100,"2026/01/30 11:15:00",2,91,
1769769900,"2026/01/30 11:45:00",2.2,90,
1769771700,"2026/01/30 12:15:00",2.4,90,
1769773500,"2026/01/30 12:45:00",2.6,89,
1769775300,"2026/01/30 13:15:00",2.6,88,
1769777100,"2026/01/30 13:45:00",2.6,88,
1769778900,"2026/01/30 14:15:00",2.4,88,
1769780700,"2026/01/30 14:45:00",2.2,88,
1769782500,"2026/01/30 15:15:00",2,89,
1769784300,"2026/01/30 15:45:00",1.9,89,
1769786100,"2026/01/30 16:15:00",1.7,89,
1769787900,"2026/01/30 16:45:00",1.5,90,
1769789700,"2026/01/30 17:15:00",1.3,91,
1769791500,"2026/01/30 17:45:00",1.1,91,
1769793300,"2026/01/30 18:15:00",1,91,
1769795100,"2026/01/30 18:45:00",0.8,91,
1769796900,"2026/01/30 19:15:00",0.8,92,
1769798700,"2026/01/30 19:45:00",0.8,92,
1769800500,"2026/01/30 20:15:00",0.7,92,
1769802300,"2026/01/30 20:45:00",0.6,92,
1769804100,"2026/01/30 21:15:00",0.6,93,
1769805900,"2026/01/30 21:45:00",0.6,93,
1769807700,"2026/01/30 22:15:00",0.6,93,
1769809500,"2026/01/30 22:45:00",0.6,93,
1769811300,"2026/01/30 23:15:00",0.6,93,
1769813100,"2026/01/30 23:45:00",0.5,93,
1769814900,"2026/01/31 00:15:00",0.5,93,
1769816700,"2026/01/31 00:45:00",0.4,92,
1769818500,"2026/01/31 01:15:00",0.3,92,
1769820300,"2026/01/31 01:45:00",0.2,92,
1769822100,"2026/01/31 02:15:00",0,92,
1769823900,"2026/01/31 02:45:00",0,92,
1769825700,"2026/01/31 03:15:00",-0.1,92,
1769827500,"2026/01/31 03:45:00",-0.2,92,
1769829300,"2026/01/31 04:15:00",-0.3,92,
1769831100,"2026/01/31 04:45:00",-0.4,92,
1769832900,"2026/01/31 05:15:00",-0.4,92,
1769834700,"2026/01/31 05:45:00",-0.3,92,
1769836500,"2026/01/31 06:15:00",-0.3,91,
1769838300,"2026/01/31 06:45:00",-0.3,91,
1769840100,"2026/01/31 07:15:00",-0.4,91,
1769841900,"2026/01/31 07:45:00",-0.5,91,
1769843700,"2026/01/31 08:15:00",-0.5,91,
1769845500,"2026/01/31 08:45:00",-0.3,91,
1769847300,"2026/01/31 09:15:00",-0.1,90,
1769849100,"2026/01/31 09:45:00",0.2,89,
1769850900,"2026/01/31 10:15:00",0.5,88,
1769852700,"2026/01/31 10:45:00",0.9,87,
1769854500,"2026/01/31 11:15:00",1.2,86,
1769856300,"2026/01/31 11:45:00",1.4,85,
1769858100,"2026/01/31 12:15:00",1.6,84,
1769859900,"2026/01/31 12:45:00",1.7,83,
1769861700,"2026/01/31 13:15:00",1.8,82,
1769863500,"2026/01/31 13:45:00",2,82,
1769865300,"2026/01/31 14:15:00",2,82,
1769867100,"2026/01/31 14:45:00",1.9,81,
1769868900,"2026/01/31 15:15:00",1.8,81,
1769870700,"2026/01/31 15:45:00",1.3,81,
1769872500,"2026/01/31 16:15:00",0.8,82,
1769874300,"2026/01/31 16:45:00",0.4,83,
1769876100,"2026/01/31 17:15:00",-0.1,83,
1769877900,"2026/01/31 17:45:00",-0.5,83,
1769879700,"2026/01/31 18:15:00",-0.8,84,
1769881500,"2026/01/31 18:45:00",-1.1,84,
1769883300,"2026/01/31 19:15:00",-1.4,84,
1769885100,"2026/01/31 19:45:00",-1.5,84,
1769886900,"2026/01/31 20:15:00",-1.6,84,
1769888700,"2026/01/31 20:45:00",-1.6,84,
1769890500,"2026/01/31 21:15:00",-1.6,84,
1769892300,"2026/01/31 21:45:00",-1.7,83,
1769894100,"2026/01/31 22:15:00",-1.7,83,
1769895900,"2026/01/31 22:45:00",-1.7,83,
1769897700,"2026/01/31 23:15:00",-1.9,83,
1769899500,"2026/01/31 23:45:00",-2,83,
1769901300,"2026/02/01 00:15:00",-2.1,83,
1769903100,"2026/02/01 00:45:00",-2.2,82,
1769904900,"2026/02/01 01:15:00",-2.4,83,
1769906700,"2026/02/01 01:45:00",-2.5,83,
1769908500,"2026/02/01 02:15:00",-2.7,83,
1769910300,"2026/02/01 02:45:00",-2.8,83,
1769912100,"2026/02/01 03:15:00",-2.9,83,
1769913900,"2026/02/01 03:45:00",-3,83,
1769915700,"2026/02/01 04:15:00",-3,83,
1769917500,"2026/02/01 04:45:00",-3.1,82,
1769919300,"2026/02/01 05:15:00",-3.3,82,
1769921100,"2026/02/01 05:45:00",-3.4,82,
1769922900,"2026/02/01 06:15:00",-3.5,82,
1769924700,"2026/02/01 06:45:00",-3.7,82,
1769926500,"2026/02/01 07:15:00",-3.8,82,
1769928300,"2026/02/01 07:45:00",-3.8,82,
1769930100,"2026/02/01 08:15:00",-3.8,82,
1769931900,"2026/02/01 08:45:00",-3.6,82,
1769933700,"2026/02/01 09:15:00",-3.4,81,
1769935500,"2026/02/01 09:45:00",-3.2,81,
1769937300,"2026/02/01 10:15:00",-2.8,80,
1769939100,"2026/02/01 10:45:00",-2.5,80,
1769940900,"2026/02/01 11:15:00",-2.3,79,
1769942700,"2026/02/01 11:45:00",-1.9,79,
1769944500,"2026/02/01 12:15:00",-1.6,78,
1769946300,"2026/02/01 12:45:00",-1.1,77,
1769948100,"2026/02/01 13:15:00",-0.8,76,
1769949900,"2026/02/01 13:45:00",-0.6,75,
1769951700,"2026/02/01 14:15:00",-0.7,76,
1769953500,"2026/02/01 14:45:00",-0.7,76,
1769955300,"2026/02/01 15:15:00",-0.9,76,
1769957100,"2026/02/01 15:45:00",-1,77,
1769958900,"2026/02/01 16:15:00",-1.3,77,
1769960700,"2026/02/01 16:45:00",-1.5,78,
1769962500,"2026/02/01 17:15:00",-1.7,79,
1769964300,"2026/02/01 17:45:00",-2,79,
1769966100,"2026/02/01 18:15:00",-2.1,79,
1769967900,"2026/02/01 18:45:00",-2.4,79,
1769969700,"2026/02/01 19:15:00",-2.7,79,
1769971500,"2026/02/01 19:45:00",-3,79,
1769973300,"2026/02/01 20:15:00",-3.2,79,
1769975100,"2026/02/01 20:45:00",-3.5,80,
1769976900,"2026/02/01 21:15:00",-3.7,80,
1769978700,"2026/02/01 21:45:00",-3.9,81,
1769980500,"2026/02/01 22:15:00",-3.9,81,
1769982300,"2026/02/01 22:45:00",-3.9,81,
1769984100,"2026/02/01 23:15:00",-3.9,81,
1769985900,"2026/02/01 23:45:00",-3.9,82,
1769987700,"2026/02/02 00:15:00",-3.8,82,
1769989500,"2026/02/02 00:45:00",-3.8,82,
1769991300,"2026/02/02 01:15:00",-3.7,83,
1769993100,"2026/02/02 01:45:00",-3.6,82,
1769994900,"2026/02/02 02:15:00",-3.5,81,
1769996700,"2026/02/02 02:45:00",-3.5,81,
1769998500,"2026/02/02 03:15:00",-3.4,81,
1770000300,"2026/02/02 03:45:00",-3.3,81,
1770002100,"2026/02/02 04:15:00",-3.3,81,
1770003900,"2026/02/02 04:45:00",-3.2,81,
1770005700,"2026/02/02 05:15:00",-3.2,81,
1770007500,"2026/02/02 05:45:00",-3.3,82,
1770009300,"2026/02/02 06:15:00",-3.2,82,
1770011100,"2026/02/02 06:45:00",-3.2,82,
1770012900,"2026/02/02 07:15:00",-3.2,82,
1770014700,"2026/02/02 07:45:00",-3.3,83,
1770016500,"2026/02/02 08:15:00",-3.1,83,
1770018300,"2026/02/02 08:45:00",-2.9,83,
1770020100,"2026/02/02 09:15:00",-2.7,83,
1770021900,"2026/02/02 09:45:00",-2.3,83,
1770023700,"2026/02/02 10:15:00",-1.9,83,
1770025500,"2026/02/02 10:45:00",-1.5,83,
1770027300,"2026/02/02 11:15:00",-0.9,81,
1770029100,"2026/02/02 11:45:00",-0.4,81,
1770030900,"2026/02/02 12:15:00",0,80,
1770032700,"2026/02/02 12:45:00",0.5,80,
1770034500,"2026/02/02 13:15:00",0.8,80,
1770036300,"2026/02/02 13:45:00",0.9,81,
1770038100,"2026/02/02 14:15:00",1.1,82,
1770039900,"2026/02/02 14:45:00",1.4,81,
1770041700,"2026/02/02 15:15:00",1.7,81,
1770043500,"2026/02/02 15:45:00",1.5,82,
1770045300,"2026/02/02 16:15:00",1.3,83,
1770047100,"2026/02/02 16:45:00",1.1,83,
1770048900,"2026/02/02 17:15:00",0.8,84,
1770050700,"2026/02/02 17:45:00",0.7,84,
1770052500,"2026/02/02 18:15:00",0.6,85,
1770054300,"2026/02/02 18:45:00",0.5,85,
1770056100,"2026/02/02 19:15:00",0.5,85,
1770057900,"2026/02/02 19:45:00",0.4,86,
1770059700,"2026/02/02 20:15:00",0.3,87,
1770061500,"2026/02/02 20:45:00",0.2,87,
1770063300,"2026/02/02 21:15:00",0,87,
1770065100,"2026/02/02 21:45:00",-0.2,88,
1770066900,"2026/02/02 22:15:00",-0.4,88,
1770068700,"2026/02/02 22:45:00",-0.4,89,
1770070500,"2026/02/02 23:15:00",-0.3,88,
1770072300,"2026/02/02 23:45:00",-0.4,88,
1770074100,"2026/02/03 00:15:00",-0.3,87,
1770075900,"2026/02/03 00:45:00",-0.3,87,
1770077700,"2026/02/03 01:15:00",-0.3,87,
1770079500,"2026/02/03 01:45:00",-0.4,88,
1770081300,"2026/02/03 02:15:00",-0.5,88,
1770083100,"2026/02/03 02:45:00",-0.5,88,
1770084900,"2026/02/03 03:15:00",-0.6,88,
1770086700,"2026/02/03 03:45:00",-0.6,88,
1770088500,"2026/02/03 04:15:00",-0.6,88,
1770090300,"2026/02/03 04:45:00",-0.6,88,
1770092100,"2026/02/03 05:15:00",-0.6,88,
1770093900,"2026/02/03 05:45:00",-0.5,88,
1770095700,"2026/02/03 06:15:00",-0.4,88,
1770097500,"2026/02/03 06:45:00",-0.3,88,
1770099300,"2026/02/03 07:15:00",-0.2,87,
1770101100,"2026/02/03 07:45:00",-0.1,87,
1770102900,"2026/02/03 08:15:00",0,87,
1770104700,"2026/02/03 08:45:00",0.1,86,
1770106500,"2026/02/03 09:15:00",0.3,85,
1770108300,"2026/02/03 09:45:00",0.5,85,
1770110100,"2026/02/03 10:15:00",0.8,84,
1770111900,"2026/02/03 10:45:00",1,82,
1770113700,"2026/02/03 11:15:00",1.2,81,
1770115500,"2026/02/03 11:45:00",1.4,81,
1770117300,"2026/02/03 12:15:00",1.4,80,
1770119100,"2026/02/03 12:45:00",1.6,81,
1770120900,"2026/02/03 13:15:00",1.5,79,
1770122700,"2026/02/03 13:45:00",1.3,80,
1770124500,"2026/02/03 14:15:00",1.5,80,
1770126300,"2026/02/03 14:45:00",1.3,80,
1770128100,"2026/02/03 15:15:00",1.2,81,
1770129900,"2026/02/03 15:45:00",1.1,82,
1770131700,"2026/02/03 16:15:00",1.1,83,
1770133500,"2026/02/03 16:45:00",1,83,
1770135300,"2026/02/03 17:15:00",0.8,84,
1770137100,"2026/02/03 17:45:00",0.6,84,
1770138900,"2026/02/03 18:15:00",0.5,85,
1770140700,"2026/02/03 18:45:00",0.4,86,
1770142500,"2026/02/03 19:15:00",0.4,86,
1770144300,"2026/02/03 19:45:00",0.4,87,
1770146100,"2026/02/03 20:15:00",0.3,89,
1770147900,"2026/02/03 20:45:00",0.3,90,
1770149700,"2026/02/03 21:15:00",0.3,90,
1770151500,"2026/02/03 21:45:00",0.3,91,
1770153300,"2026/02/03 22:15:00",0.3,91,
1770155100,"2026/02/03 22:45:00",0.4,91,
1770156900,"2026/02/03 23:15:00",0.5,91,
1770158700,"2026/02/03 23:45:00",0.6,91,
1770160500,"2026/02/04 00:15:00",0.8,91,
1770162300,"2026/02/04 00:45:00",0.9,91,
1770164100,"2026/02/04 01:15:00",1,90,
1770165900,"2026/02/04 01:45:00",1.1,90,
1770167700,"2026/02/04 02:15:00",1.1,90,
1770169500,"2026/02/04 02:45:00",1.1,89,
1770171300,"2026/02/04 03:15:00",1.2,89,
1770173100,"2026/02/04 03:45:00",1.2,89,
1770174900,"2026/02/04 04:15:00",1.2,89,
1770176700,"2026/02/04 04:45:00",1.2,89,
1770178500,"2026/02/04 05:15:00",1.3,89,
1770180300,"2026/02/04 05:45:00",1.3,89,
1770182100,"2026/02/04 06:15:00",1.3,89,
1770183900,"2026/02/04 06:45:00",1.1,89,
1770185700,"2026/02/04 07:15:00",1.1,89,
1770187500,"2026/02/04 07:45:00",1.1,90,
1770189300,"2026/02/04 08:15:00",1.2,90,
1770191100,"2026/02/04 08:45:00",1.4,90,
1770192900,"2026/02/04 09:15:00",1.7,89,
1770194700,"2026/02/04 09:45:00",2,88,
1770196500,"2026/02/04 10:15:00",2.2,87,
1770198300,"2026/02/04 10:45:00",2.4,86,
1770200100,"2026/02/04 11:15:00",2.6,86,
1770201900,"2026/02/04 11:45:00",2.8,86,
1770203700,"2026/02/04 12:15:00",3,85,
1770205500,"2026/02/04 12:45:00",3.1,85,
1770207300,"2026/02/04 13:15:00",3.3,85,
1770209100,"2026/02/04 13:45:00",3.5,83,
1770210900,"2026/02/04 14:15:00",3.6,83,
1770212700,"2026/02/04 14:45:00",3.5,84,
1770214500,"2026/02/04 15:15:00",3.3,85,
1770216300,"2026/02/04 15:45:00",3.1,86,
1770218100,"2026/02/04 16:15:00",2.8,87,
1770219900,"2026/02/04 16:45:00",2.5,89,
1770221700,"2026/02/04 17:15:00",2.4,90,
1770223500,"2026/02/04 17:45:00",2.4,90,
1770225300,"2026/02/04 18:15:00",2.3,91,
1770227100,"2026/02/04 18:45:00",2.2,92,
1770228900,"2026/02/04 19:15:00",2.2,93,
1770230700,"2026/02/04 19:45:00",2.2,93,
1770232500,"2026/02/04 20:15:00",2.2,93,
1770234300,"2026/02/04 20:45:00",2.1,93,
1770236100,"2026/02/04 21:15:00",2.1,93,
1770237900,"2026/02/04 21:45:00",2.2,94,
1770239700,"2026/02/04 22:15:00",2.4,94,
1770241500,"2026/02/04 22:45:00",2.7,94,
1770243300,"2026/02/04 23:15:00",2.9,94,
1770245100,"2026/02/04 23:45:00",3,93,
1770246900,"2026/02/05 00:15:00",3.1,93,
1770248700,"2026/02/05 00:45:00",3.2,93,
1770250500,"2026/02/05 01:15:00",3.3,93,
1770252300,"2026/02/05 01:45:00",3.4,93,
1770254100,"2026/02/05 02:15:00",3.4,92,
1770255900,"2026/02/05 02:45:00",3.4,92,
1770257700,"2026/02/05 03:15:00",3.4,93,
1770259500,"2026/02/05 03:45:00",3.5,93,
1770261300,"2026/02/05 04:15:00",3.4,92,
1770263100,"2026/02/05 04:45:00",3.2,92,
1770264900,"2026/02/05 05:15:00",3.2,92,
1770266700,"2026/02/05 05:45:00",3.1,92,
1770268500,"2026/02/05 06:15:00",3.1,93,
1770270300,"2026/02/05 06:45:00",3.2,93,
1770272100,"2026/02/05 07:15:00",3.1,92,
1770273900,"2026/02/05 07:45:00",3.1,93,
1770275700,"2026/02/05 08:15:00",3,93,
1770275700,"2026/02/05 13:50:00",7.2,93,
1770275700,"2026/02/05 18:50:00",4.6,93,
